Time,X1,Label
0,1.486633975201697,0
1,1.1220784406649118,0
2,0.9386938948315366,0
3,1.6570424135661102,0
4,1.619395740983346,0
5,0.8710813898792695,0
6,1.185760333673715,0
7,1.0742832180733348,0
8,1.143938517899454,0
9,1.100082496282438,0
10,1.131830307338958,0
11,1.1204693701614516,0
12,1.052534315646763,0
13,1.2503970528600106,0
14,1.4213159331088216,0
15,1.561538844699356,0
16,1.4400040469130633,0
17,1.478225295427933,0
18,1.4049502124552316,0
19,1.5111464537161843,0
20,1.6608977516560133,0
21,1.4671986489296533,0
22,1.036200279811292,0
23,0.37775901856474586,0
24,0.3057690098276802,0
25,0.3988796468735902,0
26,0.45713076937458497,0
27,0.827034760171542,0
28,2.1936686143547295,0
29,2.0904472365879028,0
30,1.469097416755608,0
31,1.8767750188528192,0
32,1.795483117626284,0
33,1.392755202523042,0
34,1.507777693056241,0
35,0.9862407785662688,0
36,1.0942517332876378,0
37,0.9556638520416058,0
38,0.989561436513671,0
39,1.3506640657702418,0
40,1.1426473348492088,0
41,1.4101934942432546,0
42,1.3036999909315794,0
43,1.1559206545546281,0
44,1.6002395689039814,0
45,1.8492178546688327,0
46,2.0193259487613684,0
47,1.52551412573106,0
48,1.1393412989925362,0
49,0.7712046444226072,0
50,0.5798728343102477,0
51,0.5154816516094438,0
52,0.7204003384244069,0
53,1.3965185314363,0
54,1.922026282009952,0
55,1.444098920919547,0
56,1.1916939162024787,0
57,1.6160489242488916,0
58,1.2956228610961602,0
59,1.1427913946937123,0
60,1.3389543500560428,0
61,1.05081846779784,0
62,1.0279359969375523,0
63,1.0261793197414377,0
64,1.0388880211524243,0
65,1.0910996414264833,0
66,1.284561374919081,0
67,1.3938147263087015,0
68,1.2284280506448066,0
69,1.2113516883704747,0
70,1.4390922114878533,0
71,1.6038234245782794,0
72,1.8943468851585763,0
73,1.77517896808012,0
74,1.1955407786763277,0
75,0.7846988745869337,0
76,0.6328908789712488,0
77,0.5544224871945581,0
78,0.5570781952410272,0
79,1.222672365263074,0
80,1.8917479212995054,0
81,1.67476466187402,0
82,1.1696039602173036,0
83,1.7165538218450944,0
84,1.297266938970542,0
85,1.082041579556442,0
86,1.4689858628213548,0
87,1.0774848086887352,0
88,0.8966903113399853,0
89,1.0779414097301394,0
90,1.0440851972506842,0
91,1.2112164708634867,0
92,1.2264235249513114,0
93,1.4012090510291462,0
94,1.1949927364176738,0
95,1.337361020249207,0
96,1.4901605282985453,0
97,1.6518861568537342,0
98,1.92279389928458,0
99,1.426729388936809,0
100,1.142217171145225,0
101,0.7680081713328316,0
102,0.5292978355236303,0
103,0.47611304744356675,0
104,0.5916339859118981,0
105,1.2947356637341076,0
106,1.9157001844698978,0
107,2.269738663087449,0
108,1.2185073719850856,0
109,1.8005008087557195,0
110,1.4764485051582394,0
111,1.0582851401290676,0
112,1.3771213257324135,0
113,1.048005288710892,0
114,0.8474103838949579,0
115,1.1828518302682716,0
116,1.18492973145668,0
117,1.1861752716167202,0
118,1.2909300268620294,0
119,1.4188900193834617,0
120,1.208776433030939,0
121,1.4688743374070499,0
122,1.6775046382111733,0
123,2.0648680503104795,0
124,1.4734458455192712,0
125,1.6148307165387337,0
126,1.1078081554601409,0
127,0.6706403297513505,0
128,0.48329278634281314,0
129,0.3521411270002412,0
130,0.8695732901573047,0
131,1.8778234564167633,0
132,1.9808637988508953,0
133,1.201835904468659,0
134,2.0853403904192716,0
135,0.7857426858965981,0
136,1.3433573369386866,0
137,1.650793704900161,0
138,1.1204693701614516,0
139,0.9888986988144943,0
140,1.0741306951828535,0
141,0.9903904191327781,0
142,1.0274572442885397,0
143,1.3067160394894524,0
144,1.4670868888889983,0
145,1.2712122438342073,0
146,1.3182133358311166,0
147,1.5940778028289586,0
148,1.7535175035870045,0
149,1.6891004754096186,0
150,1.8113994891072482,0
151,1.5961342354761394,0
152,0.7635099440668733,0
153,0.5698866872098347,0
154,0.5547180558671225,0
155,0.5048719103386521,0
156,1.0550249442596134,0
157,1.5976751290099622,0
158,1.9010886816056214,0
159,1.5037472335565576,0
160,1.7779487352094827,0
161,1.2297623551459038,0
162,1.301811179148881,0
163,1.290294765722546,0
164,1.2594158558740636,0
165,0.9963346392874234,0
166,0.9487736289516062,0
167,1.1711458964091537,0
168,1.1905916343104381,0
169,1.1728246310113886,0
170,1.2435563115729822,0
171,1.348232763972898,0
172,1.1597457310897936,0
173,1.425003900809047,0
174,1.4610368210082867,0
175,1.931390222043179,0
176,1.7481771424503867,0
177,1.5052737232340834,0
178,1.0344579694743523,0
179,0.837480041038591,0
180,0.6064197299437082,0
181,0.4660147276181301,0
182,0.7428203795541691,0
183,1.3665998512618827,0
184,1.6425263060694035,0
185,1.9083224014665343,0
186,1.345797715820249,0
187,1.3948736920087066,0
188,1.4964209054791369,0
189,1.1143040849453976,0
190,1.6007523078577772,0
191,0.9667565991608229,0
192,0.942007405264948,0
193,1.0240991608111003,0
194,1.125435799936629,0
195,1.0894440359380557,0
196,1.2052428655976355,0
197,1.2991623993238877,0
198,1.1989659453020338,0
199,1.1665145322686725,0
200,1.343479214450674,0
201,1.453946619305537,0
202,2.0481990998045085,0
203,1.1767341504375572,0
204,1.3597412312624046,0
205,0.9189142461769759,0
206,0.685875831785171,0
207,0.6413858082667561,0
208,0.650275411668779,0
209,0.6769690560808521,0
210,1.2906757325904907,0
211,1.6866713074473045,0
212,1.515049163847167,0
213,1.3242966965891745,0
214,2.3599412047527797,0
215,0.7262959242078947,0
216,2.245544965847489,0
217,1.3360112306780958,0
218,0.780296639098875,1
219,1.4876267716776275,0
220,0.7815571065002224,0
221,0.2618444983535075,0
222,1.1440819085633684,0
223,1.5540634005477383,0
224,1.6225320918644413,0
225,1.8275359894439835,0
226,1.431893845703305,0
227,1.3718706356486388,0
228,0.9829090680210453,0
229,0.622700660982466,0
230,0.3446072978115815,0
231,0.8063480975763507,0
232,3.307345467384077,0
233,1.4134467956191348,0
234,1.5206685703906684,0
235,2.219832121386435,0
236,1.9638153427542517,0
237,1.4765596915543238,0
238,0.729000993789446,0
239,0.74458510579651,0
240,1.1604523666389757,0
241,2.5244246127500025,0
242,2.1008568923129913,0
243,1.599214719055887,0
244,0.7294510703625021,0
245,0.4388232470984189,0
246,0.5511580102701946,0
247,0.5698868461203505,0
248,2.1901521480810415,0
249,2.4021011989860046,0
250,1.7571623046665323,0
251,1.9905281215732673,0
252,0.8612342300785543,0
253,0.5475756465311437,0
254,0.5946760677150208,0
255,0.25421702654425016,0
256,1.3936972505967715,0
257,2.323447459001171,0
258,2.3116280847761823,0
259,1.6002400442774203,0
260,0.8222609459490338,0
261,0.886202599800971,0
262,0.7292265759686766,0
263,1.9771333922995686,0
264,2.331763093867171,0
265,3.1681826261090125,0
266,2.4040805177709834,0
267,2.150702145247919,0
268,1.02489966040291,0
269,0.7598491387545293,0
270,0.7139969819025849,0
271,0.3270242742014727,0
272,0.9101261692012816,0
273,2.330355568547856,0
274,2.287877954122772,0
275,1.6302977188771384,0
276,0.7965243751009757,0
277,0.7144560033941908,0
278,1.028734144760929,0
279,0.2476802149990992,0
280,1.8648511947922277,0
281,2.9063700429067874,0
282,2.4814346335025634,0
283,2.0585038752018416,0
284,1.579191229356977,0
285,0.848570824902082,0
286,1.0355667081424549,0
287,0.6817978850172535,0
288,0.6042526733287987,0
289,1.7985863578391224,0
290,2.319278581935771,0
291,2.197927000730689,0
292,1.334537189513653,0
293,0.34839496723976937,0
294,0.3988797376891937,0
295,0.6982008620948559,0
296,0.31055908192967085,0
297,1.0930516712790845,0
298,2.747983207661393,0
299,2.5034809477861018,0
300,2.338997082449228,0
301,1.5814744995813241,0
302,0.9898929957672192,0
303,0.5129296558954258,0
304,1.0955993577133933,0
305,0.4255403305798406,0
306,1.0978436031133942,0
307,2.3864816896356023,0
308,2.3326068892415197,0
309,1.742914808585893,0
310,0.9323816870407741,0
311,0.6769697784606046,0
312,0.8230580936938776,0
313,0.2942881213657799,0
314,2.428923662004428,0
315,2.955229000138737,0
316,2.509305426995686,0
317,2.3422907566393203,0
318,1.6143233803897534,0
319,0.9696363465629783,0
320,0.43582264416732636,0
321,0.980403330672637,0
322,0.3324957174536238,0
323,0.7559531648104927,0
324,2.3408897316009996,0
325,3.133616667214259,0
326,2.200910045230609,0
327,1.3138514101628844,0
328,0.5457749666932334,0
329,0.6093878270412038,0
330,0.7813468414135939,0
331,1.1811868099860412,0
332,1.676233448076371,0
333,3.1380628705948515,0
334,2.32775028382578,0
335,2.3271860532596014,0
336,1.9501530463184165,0
337,1.0975448863732182,0
338,0.783652609767236,0
339,0.6703950340925864,0
340,0.3359306835315881,0
341,0.499646953401099,0
342,2.1150964671033328,0
343,2.991746481645462,0
344,2.397111671874091,0
345,1.821602596520712,0
346,0.7998123711583861,0
347,0.42166822418342126,0
348,0.4513532888780141,0
349,1.2373415298893835,0
350,2.2325793827250577,0
351,1.9021235558170242,0
352,3.287098625768019,0
353,2.09640170112171,0
354,1.513641103366977,0
355,1.2345548467083187,0
356,0.8911852578729071,0
357,0.7137666626328243,0
358,0.7035827910445223,0
359,1.9656516140084437,0
360,2.364662902367904,0
361,2.1216009905168316,0
362,1.5861351633716467,0
363,0.568157233029731,0
364,0.5652621110343413,0
365,0.5003030752763769,0
366,0.8464418740929586,0
367,0.6359925548526493,0
368,2.9567265416994517,0
369,1.9210016300308024,0
370,2.200239236708136,0
371,2.114165767594632,0
372,1.5073428902893993,0
373,0.8004269325972233,0
374,1.2566773595788219,0
375,0.975034951534559,0
376,1.1967753662776484,0
377,2.4872449907240743,0
378,2.3479563628606903,0
379,1.5874793351829812,0
380,0.8160537695636237,0
381,0.6099259670509201,0
382,0.5189707314155587,0
383,0.8787677503151785,0
384,0.8680633215342071,0
385,2.2570570983812086,0
386,2.2230814521242808,0
387,1.8885371166437264,0
388,1.907720848772954,0
389,1.8652028732623163,0
390,1.3341685299683845,0
391,0.5333102623501633,0
392,0.6563015767663521,0
393,0.754215230348075,0
394,2.5497033583558304,0
395,2.3243650122205417,0
396,1.6843354390177152,0
397,1.1588971715510397,0
398,0.7971414487247542,0
399,0.7502907746933852,0
400,0.4232203592999751,0
401,2.377115724336954,0
402,2.323306585633932,0
403,2.464121780590805,0
404,1.5288443383166908,0
405,2.3347155128304173,0
406,1.907721190562185,0
407,1.4654088969178534,0
408,1.1389089801305459,0
409,0.7498528926169452,0
410,0.4660145332873214,0
411,0.9928715358464054,0
412,2.2221958244565214,0
413,2.504790691156848,0
414,2.5558718482314404,0
415,0.9230105964917196,0
416,0.8837927150712434,0
417,1.0099067134012925,0
418,0.48802171364089936,0
419,0.875963438698785,0
420,0.775658039412343,0
421,2.8377807791388676,0
422,0.5832567692783343,0
423,2.4786568809084892,0
424,1.4572148607175264,0
425,1.5237936415847126,0
426,1.431778975683747,0
427,0.9631864966962524,0
428,0.7546497171774464,0
429,0.3209487308262801,0
430,1.850724561545829,0
431,2.360149872456832,0
432,2.3860005253423564,0
433,1.6042322699073224,0
434,0.4996468446512997,0
435,0.6525413843933578,0
436,0.6808351251463162,0
437,2.3286662116254444,0
438,2.434185588182832,0
439,2.422702987987797,0
440,1.5394287503129203,0
441,1.946111508943668,0
442,1.4147232306104964,0
443,1.9042785609616046,0
444,1.3104764148862047,0
445,0.779034364775393,0
446,0.6963180708914569,0
447,0.6362508007955667,0
448,2.282422582157388,0
449,2.451575714825263,0
450,1.934275788830021,0
451,1.5199127772332857,0
452,0.9475629191003624,0
453,0.7880357301506068,0
454,0.8077705817260245,0
455,0.7807166807549331,0
456,1.1067717726234256,0
457,1.0319177368676244,0
458,1.0506623661866832,0
459,0.7091563172488842,0
460,0.5227492633662911,0
461,0.8898961410395035,0
462,2.868479984346239,0
463,1.0820412447785899,0
464,1.7351807701026427,0
465,1.198282021703155,0
466,1.3265244384307437,0
467,0.9503291166674838,0
468,0.5968780464006026,0
469,0.9066951178968595,0
470,1.3872091066187535,0
471,1.3835385137443772,0
472,1.0511313596430278,0
473,1.208233899648574,1
474,0.9344903322565729,0
475,1.0906482501824315,0
476,1.2281607267410077,0
477,1.126018356140343,0
478,1.169323699519513,0
479,1.0431417401393734,0
480,1.0544033024507273,0
481,1.186728179512478,0
482,1.1358804370861397,0
483,1.0964978119057054,0
484,1.1061785401489217,0
485,1.0990380207276724,0
486,1.0755040202895572,0
487,1.1195905573856009,0
488,1.1023164806084502,0
489,1.056113051703273,0
490,1.1109132310720762,0
491,1.0374657037406103,0
492,1.1091399945660603,0
493,1.0942516836313296,0
494,1.1627121912021048,0
495,1.0735197120491082,0
496,1.1075121099956424,0
497,1.1236850781001764,0
498,1.0964978614602947,0
499,1.1098792091660246,0
500,1.0575099467839535,0
501,1.1098792091660246,0
502,1.0755040202895572,0
503,1.1254353975995244,0
504,1.1266007718775093,0
505,1.0954502326235545,0
506,1.0558024253329787,0
507,1.074741162450755,0
508,1.0525348663080003,0
509,1.110765526001775,0
510,1.1115036595292884,0
511,1.0929018339645147,0
512,1.113862276180947,0
513,1.1115036595292884,0
514,1.0599887134771768,0
515,1.1075121099956424,0
516,1.112536171627242,0
517,1.0918507547513074,0
518,1.0724495019957816,0
519,1.0762663037571139,0
520,1.1098792091660246,0
521,1.1095836020106822,0
522,1.0755040202895572,0
523,1.0918507547513074,0
524,1.0735195770748664,0
525,1.1098792091660246,0
526,1.0894444848173768,0
527,1.0765710592854518,0
528,1.0599887134771768,0
529,1.1115036595292884,0
530,1.0945514811515262,0
531,1.1109132310720762,0
532,1.0958993484855257,0
533,1.1098792091660246,0
534,1.1098792091660246,0
535,1.112536171627242,0
536,1.1109132310720762,0
537,1.0765710592854518,0
538,1.0735195770748664,0
539,1.0918507547513074,0
540,1.0918507547513074,0
541,1.113862276180947,0
542,1.0774848086887352,0
543,1.112536171627242,0
544,1.073825112134653,0
545,1.0958993484855257,0
546,1.0599887134771768,0
547,1.1276194602910148,0
548,1.0748938177713183,0
549,1.112536171627242,0
550,1.1109132310720762,0
551,1.0958993484855257,0
552,1.0748938177713183,0
553,1.097843339145891,0
554,1.1122412706292641,0
555,1.0724495019957816,0
556,1.113862276180947,0
557,1.0942517332876378,0
558,1.0935019875880427,0
559,1.0774848086887352,0
560,1.0929018339645147,0
561,1.0945514811515262,0
562,1.0958993484855257,0
563,1.0762663037571139,0
564,1.0942517332876378,0
565,1.097544490314174,0
566,1.099485572217753,0
567,1.1095836020106822,0
568,1.0958993484855257,0
569,1.0929018339645147,0
570,1.0575099467839535,0
571,1.1318299552825946,0
572,1.0765710592854518,0
573,1.1157749708588198,0
574,1.0748938177713183,0
575,1.0964978614602947,0
576,1.0785498880381008,0
577,1.0767233542382184,0
578,1.0929018339645147,0
579,1.099485572217753,0
580,1.0808286475528857,0
581,1.0808286475528857,0
582,1.1305249269940931,0
583,1.0558024253329787,0
584,1.0785498880381008,0
585,1.0929018339645147,0
586,1.0618439655745096,0
587,1.0964978614602947,0
588,1.0785498880381008,0
589,1.0954502326235545,0
590,1.1098792091660246,0
591,1.099485572217753,0
592,1.074741162450755,0
593,1.113862276180947,0
594,1.098739397933377,0
595,1.0958993484855257,0
596,1.0954502326235545,0
597,1.0964978614602947,0
598,1.112536171627242,0
599,1.097843339145891,0
600,1.1098792091660246,0
601,1.0910993260276534,0
602,1.1306699546843897,0
603,1.0904978833225674,0
604,1.0755040202895572,0
605,1.0929018339645147,0
606,1.082193606750197,0
607,1.1452290834243601,0
608,1.0550253219454024,0
609,1.0958993484855257,0
610,1.0942517332876378,0
611,1.1126835439827445,0
612,1.0799177274714034,0
613,1.073825112134653,0
614,1.0755040202895572,0
615,1.1122412706292641,0
616,1.0799177274714034,0
617,1.0755040202895572,0
618,1.1122412706292641,0
619,1.0942517332876378,0
620,1.1279103405479531,0
621,1.0834055957313493,0
622,1.1109132310720762,0
623,1.1095836020106822,0
624,1.1109132310720762,0
625,1.1109132310720762,0
626,1.1109132310720762,0
627,1.1295088589838505,0
628,1.0785498880381008,0
629,1.0945514811515262,0
630,1.0767233542382184,0
631,1.1289278472723576,0
632,1.0942517332876378,0
633,1.1095836020106822,0
634,1.1122412217761037,0
635,1.0918507547513074,0
636,1.1126835439827445,0
637,1.0915502652480094,0
638,1.1091399945660603,0
639,1.0587500042266824,0
640,1.1617242751780648,0
641,1.0595243757663153,0
642,1.1085483398657001,0
643,1.0815872620537836,0
644,1.0458114688556444,0
645,1.1122412706292641,0
646,1.074741162450755,0
647,1.1279103405479531,0
648,1.0945514811515262,0
649,1.0774848086887352,0
650,1.0767233542382184,0
651,1.0755040202895572,0
652,1.1289278472723576,0
653,1.074741162450755,0
654,1.0958993484855257,0
655,1.1085483398657001,0
656,1.0927516943322484,0
657,1.1109132310720762,0
658,1.0618439655745096,0
659,1.1109132310720762,0
660,1.0927516943322484,0
661,1.1109132310720762,0
662,1.112536171627242,0
663,1.0599887134771768,0
664,1.1109132310720762,0
665,1.074741162450755,0
666,1.112536171627242,0
667,1.0915502652480094,0
668,1.1456587169947252,0
669,1.1109132310720762,0
670,1.0774848086887352,0
671,1.126746320735062,0
672,1.0785498880381008,0
673,1.0927516943322484,0
674,1.1098792091660246,0
675,1.1109132310720762,0
676,1.0945514811515262,0
677,1.0942517332876378,0
678,1.0945514811515262,0
679,1.1109132310720762,0
680,1.0976939084002424,0
681,1.0748938177713183,0
682,1.1109132310720762,0
683,1.0954502326235545,0
684,1.1255811615174622,0
685,1.0431417401393734,0
686,1.1109132310720762,0
687,1.1098792091660246,0
688,1.0958993484855257,0
689,1.1115036595292884,0
690,1.040622914299892,0
691,1.1109132310720762,0
692,1.0942517332876378,0
693,1.0910993260276534,0
694,1.0755040202895572,0
695,1.0779414097301394,0
696,1.1289278472723576,0
697,1.0958993484855257,0
698,1.073825112134653,0
699,1.1289278472723576,0
700,1.1289278472723576,0
701,1.0958993484855257,0
702,1.0929018339645147,0
703,1.062924717587751,0
704,1.0935019875880427,0
705,1.0958993484855257,0
706,1.1266007718775093,0
707,1.0958993484855257,0
708,1.1109132310720762,0
709,1.0958993484855257,0
710,1.1098792091660246,0
711,1.0808286475528857,0
712,1.0958993484855257,0
713,1.1109132310720762,0
714,1.0755040202895572,0
715,1.0585951235382678,0
716,1.3182136106299314,0
717,1.2457969478843653,1
718,1.1673580201793279,0
719,1.1169504730707625,0
720,1.4063504147644,0
721,1.1297993489806055,0
722,0.8240547242847407,0
723,0.8317813726274471,0
724,0.748758905494953,0
725,1.194992039207793,0
726,1.7437617309279958,0
727,0.5977019090909782,0
728,1.257460368902734,0
729,1.2221366971546186,0
730,0.987238137721087,0
731,1.1875568527868465,0
732,0.7334872082885971,0
733,0.7720549085103986,0
734,0.9539460853638427,0
735,0.8612334098889801,0
736,1.0092570306126185,0
737,1.4840943198398813,0
738,2.2603244885891938,0
739,1.500581066582209,0
740,2.4990219117088586,0
741,1.1956784202924295,0
742,0.7038164429267052,0
743,0.5670004598190376,0
744,0.3373927737652364,0
745,0.3694174919274939,0
746,0.5268125319978635,0
747,1.7284565926915838,0
748,1.8453992925513436,0
749,1.7725898962707083,0
750,2.7369177414681283,0
751,2.449500638940721,0
752,1.1406357639400055,0
753,1.7703676913661186,0
754,0.9870724949612363,0
755,0.8778336519295669,0
756,0.6612802186592307,0
757,0.8531969331807281,0
758,0.9008877802107208,0
759,0.661528811972691,0
760,1.5555400837169064,0
761,1.9823536176399004,0
762,1.8984124634011967,0
763,1.3810462426765442,0
764,1.3809282578501318,0
765,1.0015891508567771,0
766,0.40742394426076634,0
767,0.309500800658092,0
768,0.23265503226236048,0
769,0.6750284427918576,0
770,1.210267909047001,0
771,2.289668679499285,0
772,1.5184014579461518,0
773,1.4639532158979673,0
774,2.394646576876638,0
775,1.100678652323647,0
776,1.3550284693544263,0
777,1.1085482091564622,0
778,0.6820387609769697,0
779,0.8832355878031636,0
780,1.1807697202126246,0
781,0.6882632631580738,0
782,1.8560344734605552,0
783,1.9963702195882906,0
784,1.643524313703938,0
785,1.1726850637856694,0
786,1.255502196853514,0
787,0.6039805960608337,0
788,0.32551578293379263,0
789,0.4078254855180093,0
790,0.6001668021250425,0
791,1.2855824258339097,0
792,2.439973873610535,0
793,1.7935631189598542,0
794,1.2952429997259203,0
795,1.8657308345827917,0
796,1.4518021376475514,0
797,1.4340689949249306,0
798,1.820792896041447,0
799,1.230562814468648,0
800,0.9144404696966336,0
801,0.9341394966138623,0
802,1.1473749637315607,0
803,1.7647990289140574,0
804,1.9795383911917446,0
805,1.504728630683287,0
806,1.649700825946632,0
807,0.8095964662009093,0
808,0.5938475192058985,0
809,0.5087559484359864,0
810,0.39432945869539093,0
811,0.4733490401585283,0
812,0.8910018601046801,0
813,1.7348027024860782,0
814,3.056722395001712,0
815,1.7880682464167859,0
816,1.7115770688537515,0
817,1.5059276123406464,0
818,2.086363426384291,0
819,0.682038043966024,0
820,0.7863692796040547,0
821,1.3799768498670548,0
822,0.7000770891816129,0
823,0.9711573376930229,0
824,0.8854614413451327,0
825,1.2951161773671116,0
826,2.2059714147569998,0
827,1.6720205204587053,0
828,1.4626077510064002,0
829,1.2190455411977028,0
830,0.8349307751221057,0
831,0.3680826316073607,0
832,0.3441317368421576,0
833,0.3939141603369952,0
834,0.8198637477837399,0
835,1.689101086619152,0
836,1.9417240081043958,0
837,1.5574371274244105,0
838,2.823932619260063,0
839,1.3361344018372554,0
840,2.1624152637153204,0
841,0.7359431614941468,0
842,1.5493063307848451,0
843,0.9413108795004974,0
844,0.760926919753796,0
845,0.8004269325972233,0
846,0.7940493691861986,0
847,1.1700242099114873,0
848,1.8943475735629933,0
849,2.0610513216698414,0
850,1.5982908982178432,0
851,1.6395273898163458,0
852,0.8329629133622938,0
853,0.595227204356454,0
854,0.6380529274425437,0
855,0.5877394342129852,0
856,0.49337009494496115,0
857,0.8057378725745736,0
858,1.348840912995302,0
859,2.4227030477959945,0
860,2.3478868206438315,0
861,2.9839509743529633,0
862,1.6099479028415795,0
863,1.792740198683847,0
864,1.1641218365433232,0
865,1.1258725362144684,0
866,1.016382732376441,0
867,1.03144058654001,0
868,0.8206637978642655,0
869,1.0284142977623367,0
870,1.0388878642447412,0
871,1.0279359969375526,0
872,1.822232797334907,0
873,1.8549744139812279,0
874,2.0432277128692733,0
875,1.7301636332075645,0
876,0.9635270190845714,0
877,0.5649717700505045,0
878,0.5375990263328236,0
879,0.5730438498003446,0
880,0.8744633443495502,0
881,1.8502813785986714,0
882,1.8630913303391758,0
883,1.2665584666635015,0
884,2.229712093773768,0
885,0.9703125954850839,0
886,1.3095998610820023,0
887,1.2168908558432838,0
888,0.947736002375134,0
889,1.1806305859522697,0
890,1.1078086295976395,0
891,1.055491021148451,0
892,1.120908978689171,0
893,1.227092369061922,0
894,1.169463745338435,0
895,1.2076902826900613,0
896,1.5356949895421943,0
897,1.4446666142491142,0
898,1.8397908386360118,0
899,1.6770159492709065,0
900,1.3866174980253205,0
901,0.6224376079455676,0
902,0.4674211381046005,0
903,0.3131890538237248,0
904,0.22182799564752867,0
905,0.4410601285641222,0
906,0.8278277486174281,0
907,1.096049271768838,0
908,2.2486837358165777,0
909,1.1774308826958804,0
910,2.3429215746219505,0
911,1.8977210826407025,0
912,1.2706953846622722,0
913,1.1469457993405792,0
914,1.2476391674414522,0
915,1.0698463164674634,0
916,0.5826948390281143,0
917,0.7707788081713196,0
918,1.4051835174271723,0
919,1.4915906088729576,0
920,1.9021244985031869,0
921,1.9423993161744575,0
922,1.6265704999473585,0
923,1.216350705850085,0
924,1.2970143060587265,0
925,0.6213823584283673,0
926,0.30576871365298314,0
927,0.39432987207920217,0
928,0.9339632924451582,0
929,1.0073039756806283,0
930,0.874089037452707,0
931,1.706394142333183,0
932,2.5492532789679805,0
933,1.9360555078605055,0
934,1.8230432392694367,0
935,1.6209134488226076,0
936,1.102316874952933,0
937,1.0735192565110325,0
938,1.1435086340023848,0
939,1.0027344324326357,0
940,0.6347015753580575,0
941,1.196090432392969,0
942,0.8522356157665555,0
943,1.2476391674414522,0
944,1.2324278354443314,0
945,2.0936617471513874,0
946,1.8132094453967529,0
947,1.3526056687157568,0
948,1.2182382874306652,0
949,0.6937222405170531,0
950,0.5721844208723268,0
951,0.6605359064827588,0
952,0.6595424673885678,0
953,0.7005459554511753,0
954,0.9652276413893254,0
955,0.8166566633518642,0
956,1.4334968899394236,0
957,2.037841603554604,0
958,1.8304957952795193,0
959,0.8190630489046615,0
960,2.3030977089672073,0
961,1.0689255630365475,0
962,0.8697622475786128,0
963,1.132843877509165,0
964,1.1707253686415957,0
965,1.14451277985438,0
966,1.2333581061998984,0
967,0.9735187349270686,0
968,1.1916936730233991,0
969,1.1309602265252303,0
970,1.0355667081424547,0
971,1.1279106938277517,0
972,1.087334559616772,1
973,1.254195507634675,0
974,1.0126637607458855,0
975,1.0544033024507273,0
976,1.1786844392699005,0
977,1.1244147304878211,0
978,1.0724495019957816,0
979,1.074741162450755,0
980,1.1098792091660246,0
981,1.0741305265609018,0
982,1.0693861743453579,0
983,1.1252896469913867,0
984,1.1115036595292884,0
985,1.0606074401973618,0
986,1.0923013008478932,0
987,1.1144511422556846,0
988,1.0892938852788991,0
989,1.0730610607314013,0
990,1.0595243757663153,0
991,1.1122412706292641,0
992,1.0945514811515262,0
993,1.113862276180947,0
994,1.1498031554461834,0
995,1.1036547663082872,0
996,1.0815871783240592,0
997,1.0935019875880427,0
998,1.0558024253329787,0
999,1.0894444848173768,0
1000,1.1095836020106822,0
1001,1.1095836020106822,0
1002,1.073825112134653,0
1003,1.1122412706292641,0
1004,1.0575099467839535,0
1005,1.0767233542382184,0
1006,1.1498031554461834,0
1007,1.0954502326235545,0
1008,1.0942517332876378,0
1009,1.061071286876617,0
1010,1.1095836020106822,0
1011,1.0945514811515262,0
1012,1.0954502326235545,0
1013,1.0726023990398306,0
1014,1.074741162450755,0
1015,1.1078082372080467,0
1016,1.0785498880381008,0
1017,1.112536171627242,0
1018,1.0935019875880427,0
1019,1.0765710592854518,0
1020,1.1095836020106822,0
1021,1.0964978614602947,0
1022,1.0755040202895572,0
1023,1.1075121099956424,0
1024,1.0726023990398306,0
1025,1.0942516836313296,0
1026,1.074741162450755,0
1027,1.1060300226490238,0
1028,1.0774848086887352,0
1029,1.112536171627242,0
1030,1.1067713144069105,0
1031,1.1085483398657001,0
1032,1.0724494682184331,0
1033,1.074741162450755,0
1034,1.0929018339645147,0
1035,1.073825112134653,0
1036,1.073825112134653,0
1037,1.0774848086887352,0
1038,1.0706125605960355,0
1039,1.073825112134653,0
1040,1.0765710592854518,0
1041,1.0616895021177333,0
1042,1.0575099467839535,0
1043,1.097544490314174,0
1044,1.0945514811515262,0
1045,1.0779414097301394,0
1046,1.0964978614602947,0
1047,1.0575099467839535,0
1048,1.1014232332809217,0
1049,1.0568893553116145,0
1050,1.0958993484855257,0
1051,1.1109132310720762,0
1052,1.079613916647521,0
1053,1.1266007718775093,0
1054,1.0904978833225674,0
1055,1.0762663037571139,0
1056,1.0730610607314013,0
1057,1.0958993484855257,0
1058,1.1095836020106822,0
1059,1.0755040202895572,0
1060,1.0945514811515262,0
1061,1.0765710592854518,0
1062,1.1109132310720762,0
1063,1.113862276180947,0
1064,1.0942517332876378,0
1065,1.0636960158818873,0
1066,1.1085483398657001,0
1067,1.1295088589838505,0
1068,1.0762663037571139,0
1069,1.1279103405479531,0
1070,1.0582851914729792,0
1071,1.1305249269940931,0
1072,1.098739397933377,0
1073,1.0929018339645147,0
1074,1.0945514811515262,0
1075,1.0755040202895572,0
1076,1.0785498880381008,0
1077,1.060607491428851,0
1078,1.0904978833225674,0
1079,1.0945514811515262,0
1080,1.1279103405479531,0
1081,1.0915502652480094,0
1082,1.0735195770748664,0
1083,1.1266007718775093,0
1084,1.1115036595292884,0
1085,1.0945514811515262,0
1086,1.0765710592854518,0
1087,1.1302347196343774,0
1088,1.1098792091660246,0
1089,1.1109132310720762,0
1090,1.0904978833225674,0
1091,1.0735195770748664,0
1092,1.1289278472723576,0
1093,1.0879377843944016,0
1094,1.1075121099956424,0
1095,1.1073639676249178,0
1096,1.1078082372080467,0
1097,1.1266007718775093,0
1098,1.0550253219454024,0
1099,1.1279103405479531,0
1100,1.0942516836313296,0
1101,1.056734099077909,0
1102,1.0897455217333998,0
1103,1.088691395256709,0
1104,1.088691395256709,0
1105,1.0710720913001142,0
1106,1.1258725362144684,0
1107,1.0544033024507273,0
1108,1.1242688475600486,0
1109,1.0945514811515262,0
1110,1.0929018339645147,0
1111,1.1244147304878211,0
1112,1.0706125605960355,0
1113,1.0544033024507273,0
1114,1.124852265753152,0
1115,1.0762662532710017,0
1116,1.1305249269940931,0
1117,1.0730610607314013,0
1118,1.1109132310720762,0
1119,1.1067713144069105,0
1120,1.0730610607314013,0
1121,1.1324094300110714,0
1122,1.1067713144069105,0
1123,1.113862276180947,0
1124,1.0927516943322484,0
1125,1.0724495019957816,0
1126,1.1109132310720762,0
1127,1.0906482501824315,0
1128,1.1122412706292641,0
1129,1.0923013008478932,0
1130,1.073825112134653,0
1131,1.0935019875880427,0
1132,1.0910993260276534,0
1133,1.0958993484855257,0
1134,1.0790059712281486,0
1135,1.1276194602910148,0
1136,1.0767233542382184,0
1137,1.0964978614602947,0
1138,1.1115036595292884,0
1139,1.0958993484855257,0
1140,1.097843339145891,0
1141,1.0767233542382184,0
1142,1.0923013008478932,0
1143,1.113862276180947,0
1144,1.1109132310720762,0
1145,1.112536171627242,0
1146,1.0935019875880427,0
1147,1.0918507547513074,0
1148,1.1271829509542803,0
1149,1.1115036595292884,0
1150,1.0790059712281486,0
1151,1.1018699967732126,0
1152,1.113862276180947,0
1153,1.1266007718775093,0
1154,1.1085483071882796,0
1155,1.0811322175409444,0
1156,1.112536171627242,0
1157,1.0811322175409444,0
1158,1.1126835439827445,0
1159,1.131395102437252,0
1160,1.1115036595292884,0
1161,1.1283464882286822,0
1162,1.0785498376588818,0
1163,1.0994856545844514,0
1164,1.1122412217761037,0
1165,1.0964978119057054,0
1166,1.0941017788971918,0
1167,1.1126835439827445,0
1168,1.1115036595292884,0
1169,1.114892538962388,0
1170,1.1266007397237052,0
1171,1.0942516836313296,0
1172,1.110765526001775,0
1173,1.114892538962388,0
1174,1.1122412217761037,0
1175,1.1300895399259299,0
1176,1.096946482352717,0
1177,1.131395102437252,0
1178,1.0927516943322484,0
1179,1.096946482352717,0
1180,1.1103224397092946,0
1181,1.1103224397092946,0
1182,1.0935019875880427,0
1183,1.0941017788971918,0
1184,1.0923013008478932,0
1185,1.0923013008478932,0
1186,1.0994856545844514,0
1187,1.074741162450755,0
1188,1.1353027659179729,0
1189,1.0947012746690303,0
1190,1.1279103405479531,0
1191,1.0964978119057054,0
1192,1.0990380207276724,0
1193,1.0958993484855257,0
1194,1.0790059712281486,0
1195,1.0790059712281486,0
1196,1.128782499478974,0
1197,1.128782499478974,0
1198,1.0935019875880427,0
1199,1.110765526001775,0
1200,1.1103224397092946,0
1201,1.0785498376588818,0
1202,1.1503735766163095,0
1203,1.0935019875880427,0
1204,1.1890755696834412,0
1205,1.3068416668433862,0
1206,1.3374836337604286,1
1207,1.4411430267398861,0
1208,1.423045358455239,0
1209,1.4753372483994973,0
1210,1.5423028731173396,0
1211,1.087183567847675,0
1212,0.966756599160823,0
1213,0.8435298015008124,0
1214,0.8832357518562074,0
1215,0.9274427015347093,0
1216,0.7859520515056883,0
1217,0.9565219667404402,0
1218,1.0469086160706673,0
1219,1.109731513358524,0
1220,1.1492317576968536,0
1221,1.0027340350511695,0
1222,1.2183726364470764,0
1223,1.0870328883465303,0
1224,1.1297992527927252,0
1225,1.1366018143861993,0
1226,1.4522531577676119,0
1227,1.2803407153215116,0
1228,1.3819968489287522,0
1229,1.0562676447392487,0
1230,1.624653679441868,0
1231,1.7315849372517074,0
1232,1.1894893511498958,0
1233,1.0907990280317452,0
1234,1.0350914323773528,0
1235,0.872961834130794,0
1236,1.1165093708317007,0
1237,1.2402543385169025,0
1238,0.9733503852698678,0
1239,1.10469510633387,0
1240,1.2835392718732839,0
1241,1.3326920837151395,0
1242,2.252984096176003,0
1243,2.001703330798298,0
1244,2.119202835410523,0
1245,1.8189899777332474,0
1246,1.7704595806100745,0
1247,1.9832632421090752,0
1248,0.9770509548053264,0
1249,0.8562675716065627,0
1250,0.5932948566935331,0
1251,0.5841001549469064,0
1252,0.21885036320965975,0
1253,0.34077822279159803,0
1254,0.5406410640027264,0
1255,0.8454726404455676,0
1256,1.1432213740190478,0
1257,2.1157945269640432,0
1258,1.3867357824668691,0
1259,1.0993363317465679,0
1260,1.7352761822110623,0
1261,1.1107662760792658,0
1262,1.3481110609415679,0
1263,1.2070108823722345,0
1264,1.0948512296659303,0
1265,1.0298491160835164,0
1266,1.0808283794298703,0
1267,1.1261636907759014,0
1268,1.069386038849395,0
1269,1.0530012885258024,0
1270,0.9293862581601904,0
1271,1.2717277393267004,0
1272,1.1820198584698143,0
1273,1.4413701969847996,0
1274,1.6322084882201782,0
1275,1.5576474186047367,0
1276,1.6474117934372086,0
1277,1.4730008717692602,0
1278,0.993532370892363,0
1279,1.3920478414979136,0
1280,1.218910612539328,0
1281,0.7007799737221376,0
1282,0.7328163878025654,0
1283,0.8365002503687611,0
1284,0.7813470268593846,0
1285,0.6759988027726085,0
1286,0.6899288880087571,0
1287,0.880073065083235,0
1288,1.178823296197526,0
1289,1.6043346907506553,0
1290,1.6355214844538117,0
1291,1.6700572079773195,0
1292,1.9708188157144226,0
1293,2.015341725744297,0
1294,1.466639775913295,0
1295,1.4363540138813273,0
1296,1.0081185662237355,0
1297,1.2141916261348535,0
1298,1.1289279756220059,0
1299,1.239593195267302,0
1300,1.0575096727486704,0
1301,1.1466596057758378,0
1302,0.999293616802389,0
1303,1.0947011919423493,0
1304,1.5460206754151122,0
1305,1.874589043571417,0
1306,1.8879292789439968,0
1307,1.5775280935289235,0
1308,1.519805417939415,0
1309,1.6723142585868842,0
1310,1.7426329501363733,0
1311,1.3103508733812481,0
1312,1.0068157001422853,0
1313,0.34460756060626413,0
1314,0.4173663372494241,0
1315,0.5268125319978636,0
1316,1.0015892051070638,0
1317,0.8365006834151422,0
1318,1.4689857271944475,0
1319,2.1444400114990394,0
1320,1.3924014888820682,0
1321,1.301811513062471,0
1322,1.3369933696391316,0
1323,0.9238990791439289,0
1324,1.1893514653705186,0
1325,1.0638495921275715,0
1326,0.9565220614178221,0
1327,1.3006769069134734,0
1328,1.6816067327083346,0
1329,1.8017758217838866,0
1330,1.8065942139608995,0
1331,1.83523861736669,0
1332,1.497188049481093,0
1333,1.840949497921657,0
1334,1.822503657166701,0
1335,0.6875478199070957,0
1336,0.334463122482883,0
1337,0.5535337871656978,0
1338,0.5292973906727673,0
1339,0.8999767615583193,0
1340,1.008606354693941,0
1341,1.7924653667340409,0
1342,1.4499928944215554,0
1343,1.2808528904671295,0
1344,1.355028803520427,0
1345,0.815853061167267,0
1346,1.3282537706601851,0
1347,1.2425012063487102,0
1348,0.9378189073211309,0
1349,1.3309678922336932,0
1350,1.3006769069134732,0
1351,1.4091467739777856,0
1352,1.6430254848759955,0
1353,1.5766965742237788,0
1354,1.700713916593264,0
1355,1.329981671397768,0
1356,1.5385759930032705,0
1357,1.5939747342925483,0
1358,1.0562681591594059,0
1359,0.519917573064231,0
1360,0.6001668926606999,0
1361,0.5484731090846661,0
1362,0.4585641116616084,0
1363,1.146230742399627,0
1364,0.7587686094475706,0
1365,2.3235189643155483,0
1366,1.4714407299181302,0
1367,0.8926568459878633,0
1368,1.3042032565233075,0
1369,1.0512866335576612,0
1370,0.8904492433929067,0
1371,1.1162163795420672,0
1372,1.2660405373517865,0
1373,1.0327124741165858,0
1374,1.2511830370797072,0
1375,1.4603632411133198,0
1376,1.478225295427933,0
1377,1.6948205326803778,0
1378,1.479112075859027,0
1379,1.820162067324226,0
1380,1.2761054290853087,0
1381,1.4682046245949507,0
1382,1.6939494942701214,0
1383,0.8793275229548999,0
1384,0.6072310348112981,0
1385,0.5363775020757302,0
1386,0.5132490140487365,0
1387,0.513249543387035,0
1388,0.8705160858329959,0
1389,1.144799336079909,0
1390,1.777118054505665,0
1391,1.0483181217831732,0
1392,1.281876640967453,0
1393,1.510386651204585,0
1394,1.1261640124373535,0
1395,0.9079601046797156,0
1396,1.0783978846256144,0
1397,1.293721836897716,0
1398,1.0418838359150218,0
1399,1.100082496282438,0
1400,1.0165437238530373,0
1401,0.9618232392258985,0
1402,1.1439393412244374,0
1403,1.2653919222727004,0
1404,1.4014431080500558,0
1405,1.744326013540187,0
1406,1.54251607297493,0
1407,1.4549620937017569,0
1408,1.4825458765444663,0
1409,1.2591553553628718,0
1410,1.4508976794536548,0
1411,1.2085051068609516,0
1412,1.0118533126115663,0
1413,0.9580640427325304,0
1414,1.1150398435347502,0
1415,0.9016153738962086,0
1416,0.706375051282249,0
1417,0.795700236100254,0
1418,0.5758984380695957,0
1419,0.7697140692529921,0
1420,0.9330850917815589,0
1421,2.2305206102488717,0
1422,1.2896586860758934,0
1423,1.2679825063450205,0
1424,1.6849197097161632,0
1425,1.216216386649596,0
1426,1.1219323023845955,0
1427,1.1627116771435642,0
1428,0.8684411432451827,0
1429,0.9088633004456721,0
1430,1.0395196556506279,0
1431,1.0735191215367335,0
1432,1.1907300457626826,0
1433,1.1469458467155282,0
1434,1.2281607267410077,0
1435,1.132843877509165,0
1436,1.170024550475331,0
1437,1.0511313596430278,0
1438,1.1425045884971314,0
1439,1.0237789272499214,0
1440,1.0165437238530373,0
1441,0.9869063105305387,0
1442,1.161583046770656,0
1443,1.1067713144069105,0
1444,1.1711461438548136,0
1445,1.2566778351996186,0
1446,1.2324272035012858,0
1447,1.231894527389825,0
1448,1.4512372605477024,0
1449,1.4068164443537046,0
1450,1.2476388190293695,0
1451,1.1324094300110714,0
1452,1.1641214009006966,0
1453,1.2423690292203842,0
1454,0.9171274728684121,0
1455,0.9657377129790469,0
1456,1.2015630864211833,0
1457,1.3389549046674425,0
1458,1.3810465049729497,0
1459,1.2727594985534385,0
1460,1.282388781752632,0
1461,1.1644037692626215,1
1462,1.00469559507196,0
1463,0.8520431966220962,0
1464,0.7985809675881338,0
1465,0.7375021174511976,0
1466,0.8458602530495212,0
1467,0.9085019504629586,0
1468,0.8577984310390175,0
1469,0.9898929957672192,0
1470,1.125143877502784,0
1471,1.2871117587746606,0
1472,1.5498358384893545,0
1473,2.005469569313631,0
1474,0.9599456792454456,0
1475,1.6081127719662573,0
1476,1.6849195699715167,0
1477,1.304705911524126,0
1478,1.0979925021192085,0
1479,0.8659819372954611,0
1480,0.9072375594782217,0
1481,1.2595454100690455,0
1482,1.7681425399381692,0
1483,1.0175111848530216,0
1484,1.1302347196343774,0
1485,0.8311892751214972,0
1486,1.1120938722378608,0
1487,0.8347334556323953,0
1488,1.3423800025380295,0
1489,1.178545565982071,0
1490,1.3834199559316758,0
1491,0.9465237356590694,0
1492,1.0221752268583897,0
1493,1.1800752048242518,0
1494,1.1761763288771798,0
1495,1.3346603202886491,0
1496,1.2818764855437514,0
1497,1.3709136947977432,0
1498,1.979289561114543,0
1499,1.908322638745346,0
1500,1.359862106539483,0
1501,1.1089924616236126,0
1502,1.2481644422535036,0
1503,0.7568207072411537,0
1504,0.6413862036144837,0
1505,0.7811373312715248,0
1506,0.6858758317851709,0
1507,1.1389092981923539,0
1508,1.1341468602786853,0
1509,1.6391272265763874,0
1510,0.8206637978642655,0
1511,0.8541581440915962,0
1512,1.3780735222599698,0
1513,1.124998266223553,0
1514,1.2083694059409151,0
1515,1.1225174674427123,0
1516,1.1584717128091648,0
1517,1.0812841380811984,0
1518,1.143938882062324,0
1519,1.0125015083539384,0
1520,1.04141086920821,0
1521,1.0976939084002424,0
1522,1.0699995685653336,0
1523,1.0587500042266824,0
1524,1.227492745117461,0
1525,1.4031970395625128,0
1526,1.3363795987386966,0
1527,1.6925933336374688,0
1528,1.5185097395054798,0
1529,1.4161131430309515,0
1530,1.826548457201451,0
1531,1.3173421638852982,0
1532,1.2174294867272601,0
1533,0.6906421793917601,0
1534,0.5454744193580483,0
1535,0.34125994317235653,0
1536,0.724939704186493,0
1537,1.3507851633394556,0
1538,1.3444563829663647,0
1539,1.565315456649234,0
1540,1.2241477986166538,0
1541,1.8771251967170435,0
1542,0.8022694854978594,0
1543,1.3709136947977432,0
1544,1.4051832338570653,0
1545,0.9888986988144943,0
1546,1.0300081785956847,0
1547,1.074893211163788,0
1548,1.0314405338598054,0
1549,1.0880886215648982,0
1550,1.1204697257873593,0
1551,1.0144440925965315,0
1552,1.3895716145193813,0
1553,1.1509438567102221,0
1554,1.7131102402417073,0
1555,1.9189512038113423,0
1556,2.303667477761059,0
1557,1.404599376405244,0
1558,1.3786692307489856,0
1559,0.9849099469931248,0
1560,0.5908016310107819,0
1561,0.47126463721777384,0
1562,0.5406410640027264,0
1563,0.8445018440204852,0
1564,1.065237056087517,0
1565,1.4840937218339683,0
1566,1.632207944480114,0
1567,2.1195124393796325,0
1568,0.5460751164391214,0
1569,1.5060362976671577,0
1570,1.3261531416793462,0
1571,0.7996074501335015,0
1572,1.0279362964765861,0
1573,1.0664671946314148,0
1574,0.9802351471483769,0
1575,1.1125362530277383,0
1576,1.1061785401489217,0
1577,1.0864285776423592,0
1578,0.9775549498498792,0
1579,1.0453409376275282,0
1580,1.2148673983398353,0
1581,1.1955414452665367,0
1582,1.1153339558558235,0
1583,1.2601970343128888,0
1584,1.3946381688312564,0
1585,1.976304171671962,0
1586,2.0159928230452606,0
1587,1.7456419532378338,0
1588,0.9782256876140597,0
1589,0.7643678671549452,0
1590,0.5330031962361952,0
1591,0.45856430914976365,0
1592,0.6565510896289793,0
1593,1.508974035976431,0
1594,2.4253418162457017,0
1595,1.3047060781103152,0
1596,1.876775858463125,0
1597,0.6192670498371441,0
1598,0.9251404445774706,0
1599,1.6699589915243427,0
1600,1.043142087401328,0
1601,0.9648884887970215,0
1602,1.0929019665450328,0
1603,1.0398346584149807,0
1604,1.0539358165410264,0
1605,1.155920309835414,0
1606,1.1742224604247697,0
1607,1.3178404808564654,0
1608,1.1409234209240338,0
1609,1.3965184147106688,0
1610,1.649004492127902,0
1611,2.1192029379707833,0
1612,1.409496002686776,0
1613,1.6423266405888934,0
1614,0.942007405264948,0
1615,0.784070784267594,0
1616,0.6253292760818095,0
1617,0.5326948990867099,0
1618,0.6326316622972644,0
1619,1.107512567905665,0
1620,1.94543710775188,0
1621,1.7449846108461817,0
1622,1.0304861855173022,0
1623,1.5138578372287803,0
1624,1.6723143235704823,0
1625,1.0629239678297786,0
1626,1.1417857191040706,0
1627,1.022175669839583,0
1628,1.0512873916151568,0
1629,1.2108094412887602,0
1630,1.103654848363835,0
1631,1.2269581629334392,0
1632,1.218506970650558,0
1633,1.1874187273481078,0
1634,1.2365467476460401,0
1635,1.1473749637315607,0
1636,1.4858618453934402,0
1637,1.6478102855501904,0
1638,2.091467107731317,0
1639,1.3894538452377612,0
1640,1.5426221217605431,0
1641,1.1006781422041594,0
1642,0.7745997267576332,0
1643,0.562936734637206,0
1644,0.6383098574274095,0
1645,0.659044073237898,0
1646,1.0045317671721488,0
1647,1.4707714098785032,0
1648,2.105536550581585,0
1649,1.060761668500988,0
1650,1.7436679257570804,0
1651,1.9646501203445872,0
1652,0.848377168917811,0
1653,1.3836573493802575,0
1654,1.0483179835641474,0
1655,0.9709889330311648,0
1656,1.0489436979709634,0
1657,1.1012746501118602,0
1658,1.1273286335110984,0
1659,1.2205244981486443,0
1660,1.2409155819885571,0
1661,1.2605866230188227,0
1662,1.1989666553073943,0
1663,1.2992884503527304,0
1664,1.3267717253039422,0
1665,1.720085689752403,0
1666,1.531416780426217,0
1667,1.6225323597743742,0
1668,1.366239326356111,0
1669,0.8280256856704387,0
1670,0.8710813898792695,0
1671,0.7213110443588121,0
1672,0.6203262481356081,0
1673,0.7437033635294384,0
1674,1.1667955453351715,0
1675,1.7950258519277655,0
1676,1.8962512215286769,0
1677,0.9585773404321637,0
1678,1.7923737669297664,0
1679,1.007304766837723,0
1680,1.116656916278675,0
1681,1.388272784887754,0
1682,1.0713783581438445,0
1683,0.9103062114552443,0
1684,1.1238313913683848,0
1685,1.0706127466894835,0
1686,1.1954043939395573,0
1687,1.2097259996400012,0
1688,1.1564884498939019,0
1689,1.2168909749151728,0
1690,1.0729079251846358,0
1691,1.2991623993238877,0
1692,1.390515819415227,0
1693,1.7488342790953635,0
1694,1.5318449864885153,0
1695,1.5899567304209885,0
1696,1.1628532980505324,0
1697,0.9461773044974182,0
1698,0.8380673915443794,0
1699,0.7137675000236422,0
1700,0.6570506305103132,0
1701,0.7240337626029604,0
1702,1.1767346891542716,0
1703,1.8918347287099366,0
1704,1.0638499326300679,0
1705,1.22962880867439,0
1706,1.753143049383307,0
1707,1.0236188967604105,0
1708,1.5574373134961164,0
1709,1.1026140853362973,0
1710,0.9565216448376901,0
1711,1.004859179967024,0
1712,1.0465957597229218,0
1713,1.0349333961400609,0
1714,1.2129756163723986,0
1715,1.2722434672762126,0
1716,1.142791521486312,0
1717,1.16707717358622,0
1718,1.2338906055242498,0
1719,1.2612374795449903,0
1720,1.271212243834207,0
1721,1.7894437311357403,0
1722,2.3771158691054586,0
1723,2.0033417225331283,0
1724,1.1032093166276289,0
1725,0.5487718490985121,0
1726,0.7559531648104927,0
1727,0.4946984483308999,0
1728,1.1724049062201165,0
1729,0.5406421025419682,0
1730,2.8936442833572342,0
1731,0.9631864966962524,0
1732,2.480905917655283,1
1733,1.973313825125137,0
1734,1.3008029643451002,0
1735,0.8579899816728631,0
1736,1.1517978510975786,0
1737,0.42899475862648956,0
1738,0.8116201140582953,0
1739,2.357785682875566,0
1740,2.3521440067557515,0
1741,2.1956860678669434,0
1742,1.1834060766626135,0
1743,0.6380533816288415,0
1744,0.806144725588402,0
1745,0.2948451315419673,0
1746,2.5098281386114865,0
1747,2.396495594274899,0
1748,2.3715891957879216,0
1749,1.9161287282343533,0
1750,2.662983235214784,0
1751,1.5851005201582644,0
1752,1.0473795843537337,0
1753,1.2361479121419896,0
1754,0.5721847690711455,0
1755,0.5826945592769852,0
1756,1.4161135267329383,0
1757,2.329792474251945,0
1758,2.3459294441570484,0
1759,1.719608174915437,0
1760,0.7222201254209135,0
1761,0.728100453763078,0
1762,0.8232579035442054,0
1763,1.0834055957313493,0
1764,0.9487740107533511,0
1765,2.9415429305896588,0
1766,1.1400607247274155,0
1767,2.6392248172056125,0
1768,1.8687169871173643,0
1769,1.366720477762004,0
1770,1.2450069669218724,0
1771,0.8102035391066864,0
1772,0.732816264223168,0
1773,1.6071946517796156,0
1774,2.3468381071863478,0
1775,2.3395579768272468,0
1776,1.3885093486483986,0
1777,0.6174102098329765,0
1778,0.8083798996437257,0
1779,0.5710370427826903,0
1780,1.2604568166049959,0
1781,1.955276819308458,0
1782,3.127276931338349,0
1783,1.6046412593891506,0
1784,2.7250855922603607,0
1785,1.676624614690778,0
1786,1.1845142195811749,0
1787,1.1374678504946854,0
1788,0.7498533515488212,0
1789,0.7408299338566173,0
1790,1.448068675925282,0
1791,2.4205352943037206,0
1792,2.335979705122671,0
1793,1.6426260525238237,0
1794,0.6482547536161999,0
1795,0.757470867432537,0
1796,0.7276501640706199,0
1797,1.1850686055098245,0
1798,1.6698611814623991,0
1799,2.4598580276337088,0
1800,0.6203256349805317,0
1801,2.2902426353840766,0
1802,2.4233125673336073,0
1803,1.8221436183753463,0
1804,1.2653919222727004,0
1805,0.8558841432279255,0
1806,1.0163825898144851,0
1807,0.6255918949171256,0
1808,1.5815785545147607,0
1809,2.365703124605875,0
1810,2.398821248034334,0
1811,1.859301709359995,0
1812,0.9246086824716714,0
1813,0.7454657565401647,0
1814,0.7330402522706376,0
1815,1.327141948257985,0
1816,1.009418799699114,0
1817,2.5246196639004856,0
1818,1.7609846007875822,0
1819,2.584209126924715,0
1820,1.9688200974540562,0
1821,0.903069865604539,0
1822,0.6349602893079219,0
1823,1.0531574734055682,0
1824,0.8800732914666823,0
1825,0.9165910027520453,0
1826,2.2589458787421184,0
1827,2.322458912160773,0
1828,2.1175766804772382,0
1829,0.992376049680261,0
1830,0.6474951608166659,0
1831,1.0779409896659464,0
1832,0.7507272674340529,0
1833,1.9125292699328813,0
1834,2.7075742155483016,0
1835,0.7121565893783474,0
1836,2.2254412075330143,0
1837,2.3110605372179243,0
1838,1.230029684365788,0
1839,0.8627559828978296,0
1840,0.9768826391035927,0
1841,0.5935714353546674,0
1842,0.5025927925895873,0
1843,1.6285863935812552,0
1844,2.4161946274052513,0
1845,2.2739983386436324,0
1846,1.978626495927162,0
1847,0.8138396717198051,0
1848,0.7781921688040816,0
1849,0.6791461045592473,0
1850,1.5775283805630884,0
1851,1.8986716448161856,0
1852,3.535774234580172,0
1853,1.1945805125021922,0
1854,2.2118379225363687,0
1855,2.2533477323072,0
1856,1.7415029488944314,0
1857,1.3112270356399,0
1858,0.8522353819884504,0
1859,0.615813823529482,0
1860,0.689928888008757,0
1861,1.6932715818140336,0
1862,2.6339994681354817,0
1863,2.2745755718669805,0
1864,1.8449552525405595,0
1865,1.0715315939635193,0
1866,0.6411302522085508,0
1867,0.565262559623402,0
1868,1.052067169927852,0
1869,1.3126020496380462,0
1870,2.8183505575926855,0
1871,1.3267708925733936,0
1872,1.8471766796219034,0
1873,2.5283200903402245,0
1874,1.4848674419472598,0
1875,0.95222579055285,0
1876,1.2341560866049317,0
1877,0.5695987671080407,0
1878,1.0624607936107573,0
1879,2.408647844482667,0
1880,2.5610008256170085,0
1881,1.6628725320468793,0
1882,0.8778341058514416,0
1883,0.6703952502300415,0
1884,0.6595420280004907,0
1885,0.4380751782274362,0
1886,0.6472409535914736,0
1887,1.7218008190435385,0
1888,3.2572228771157183,0
1889,1.9077210576441725,0
1890,2.293605501939904,0
1891,1.4508971925998064,0
1892,0.7153740236086295,0
1893,0.41539733255041494,0
1894,0.4278464098470385,0
1895,0.7671531624063086,0
1896,2.5922572262279453,0
1897,2.6865924375035006,0
1898,1.7113855970531595,0
1899,1.2076901477138082,0
1900,0.7971416532172936,0
1901,0.7735406452068306,0
1902,0.43393676754223076,0
1903,2.326974577467704,0
1904,2.1314738795683144,0
1905,3.467430409648188,0
1906,1.538362988836185,0
1907,2.511657904760519,0
1908,1.7290257131451228,0
1909,1.376763884916001,0
1910,0.8254467392279164,0
1911,0.7213105672669713,0
1912,0.8089878183081622,0
1913,0.9189147783581457,0
1914,2.999958851791637,0
1915,2.3335920220507695,0
1916,1.8233124886573886,0
1917,1.2666874905109784,0
1918,0.8774597506586841,0
1919,0.9001586527246183,0
1920,0.586622234044193,0
1921,1.266558695468552,0
1922,0.8450848286243222,0
1923,3.5441146345125465,0
1924,1.763590627886472,0
1925,2.0699457799229912,0
1926,1.636122622460187,0
1927,1.3242961221622602,0
1928,0.9708193797617557,0
1929,0.5025930448523935,0
1930,0.385495836737571,0
1931,1.0303264760584385,0
1932,2.7365585508462997,0
1933,2.4118460583839094,0
1934,1.9086666395966059,0
1935,1.4291417168787004,0
1936,0.7882443488373385,0
1937,0.7226737985156235,0
1938,0.2618445675243235,0
1939,1.0847673123679566,0
1940,1.3909868937387584,0
1941,3.6144577533415716,0
1942,0.7602804297343185,0
1943,2.5455833394840957,0
1944,1.580955955221397,0
1945,1.2183721012753042,0
1946,0.9986368481114644,0
1947,0.851465252849463,0
1948,0.2931717910782004,0
1949,1.6422266774258052,0
1950,2.687996708395678,0
1951,2.3969060330471863,0
1952,2.2558213394808107,0
1953,1.4627202371369585,0
1954,0.6287299251833015,0
1955,0.7938433255661977,0
1956,0.2567847392506027,0
1957,1.1849300677364887,0
1958,0.779034574020948,0
1959,2.8037047883202684,0
1960,1.4337252716964293,0
1961,1.8040500373606603,0
1962,2.489552495922309,0
1963,1.2811089931500754,0
1964,0.889527656240659,0
1965,1.0110432180287845,0
1966,0.5484728118785834,0
1967,0.9074183744673678,0
1968,0.4946981554301572,0
1969,1.483209529061218,0
1970,2.5650967026424167,0
1971,3.2214230657336826,0
1972,3.138219528304067,0
1973,1.2762343108904415,0
1974,0.7274245910099547,0
1975,0.41697411413779634,0
1976,0.707535189560915,0
1977,0.5667116486406469,0
1978,0.3502727191817827,0
1979,2.704967807717127,1
1980,2.649893180723706,0
1981,0.6837197085919053,0
1982,2.1850530913334807,0
1983,1.465745017228099,0
1984,2.128393425604862,0
1985,1.8807041034790666,0
1986,0.47611304744356675,0
1987,0.41932743530921035,0
1988,1.3966358735883881,0
1989,0.651535171859509,0
1990,1.2669464423190901,0
1991,2.9649259234109038,0
1992,2.414293006892494,0
1993,1.4601379342432002,0
1994,1.0533132052404925,0
1995,1.8279850435684644,0
1996,2.367990694970105,0
1997,2.70235912060592,0
1998,2.1355483494809944,0
1999,1.1539323636097567,0
2000,1.0643121789780476,0
2001,1.209454347375708,0
2002,0.8682522529409296,0
2003,0.4025634125662689,0
2004,0.4940344797936679,0
2005,0.8836069835186908,0
2006,3.649593831362334,0
2007,1.9108139527041874,0
2008,1.1840985924909293,0
2009,2.5516971977125342,0
2010,1.8588604641664204,0
2011,2.650264431508675,0
2012,2.5664392295795744,0
2013,1.3211966373515336,0
2014,1.8549735352106778,0
2015,1.4285680950731752,0
2016,1.4190065837415977,0
2017,0.647494237717217,0
2018,0.9299154051277997,0
2019,0.3943303773259169,0
2020,0.8772729880151332,0
2021,3.365748363070834,0
2022,3.391962143654761,0
2023,1.2923264124767395,0
2024,1.2894042674948767,0
2025,1.5464455052988448,0
2026,2.3496325442049444,0
2027,2.6017313852252313,0
2028,2.4233130531528526,0
2029,1.036200804193859,0
2030,1.1604523666389757,0
2031,1.288004010741038,0
2032,0.8427517599898561,0
2033,0.4274631249838985,0
2034,0.6118054038605739,0
2035,1.2715990274815407,0
2036,2.962989091002024,0
2037,1.3844865191813895,0
2038,2.59485029967453,0
2039,2.2671360361365616,0
2040,3.045055788904039,0
2041,2.6870199034517777,0
2042,1.9438347385564956,0
2043,2.1219875851901207,0
2044,1.4902706308976232,0
2045,1.2258884026309247,0
2046,0.38121706389536136,0
2047,1.0319175437960146,0
2048,0.45425119453117563,0
2049,1.7362208765462417,0
2050,3.6068713407166326,0
2051,2.361122892169317,0
2052,1.5636388595033701,0
2053,1.2758482226573817,0
2054,1.9921752312033196,0
2055,2.85598721732486,0
2056,2.545840906164209,0
2057,1.4422804540896337,0
2058,0.6572998314749517,0
2059,1.0363583675336443,0
2060,0.997321395752643,0
2061,0.574473153476296,0
2062,0.415002506580382,0
2063,0.6674524055226709,0
2064,1.7396182842871017,0
2065,3.1681826261090125,0
2066,1.5225007742904435,0
2067,2.52864515588368,0
2068,1.9966168393322241,0
2069,2.733079406016042,0
2070,2.7526343015021086,0
2071,2.8506415286859554,0
2072,1.8037769286319747,0
2073,1.3178400685413234,0
2074,0.795905776248043,0
2075,0.6182070036047796,0
2076,0.5499664378687121,0
2077,1.981525420704463,0
2078,1.940372192159535,0
2079,2.80890702550387,0
2080,2.0003915498336817,0
2081,0.789907049963475,0
2082,1.35260489206161,0
2083,1.9145015074783827,0
2084,2.7377567722708678,0
2085,2.6268286238251246,0
2086,1.6637591546128305,0
2087,0.8150478666667376,0
2088,0.9885670625830096,0
2089,1.1231012309836543,0
2090,0.45425075593222736,0
2091,0.434692333333589,0
2092,1.1802143585184006,0
2093,2.3983431332986944,0
2094,2.19635826701201,0
2095,1.311101787040579,0
2096,2.6576192589430487,0
2097,1.1735239930712964,0
2098,1.726462800282995,0
2099,2.5318867772050946,0
2100,2.01574816056049,0
2101,1.396518414710669,0
2102,1.529380776504661,0
2103,0.4050007464499294,0
2104,0.621381979501337,0
2105,0.5142071664932336,0
2106,0.9669261343137852,0
2107,3.303822492072781,0
2108,2.820445105301821,0
2109,1.48343108757704,0
2110,1.4035476712491814,0
2111,1.7096595848981164,0
2112,2.608971384600835,0
2113,2.5388727186919002,0
2114,1.9092678468677462,0
2115,0.7932222933799831,0
2116,0.8703278747793846,0
2117,0.9010694271752872,0
2118,0.7989915783091834,0
2119,0.3349527355463753,0
2120,1.274176494165153,0
2121,3.329342470922149,0
2122,1.633212889496957,0
2123,3.1419805498611857,0
2124,1.925861957712442,0
2125,2.633563437471936,0
2126,2.6615662501373136,0
2127,2.0849470526900675,0
2128,1.7979480097360991,0
2129,1.369836497592687,0
2130,1.7647995420653304,0
2131,0.4070201823951732,0
2132,0.6426634451911825,0
2133,1.418890159798848,0
2134,3.5993600785921656,0
2135,1.5666771214241944,0
2136,1.9514983376026738,0
2137,1.0336649071812394,0
2138,1.5542744511703843,0
2139,2.1422198542187494,0
2140,2.5491888586993707,0
2141,2.3041657251562873,0
2142,1.317466558019216,0
2143,0.6649906178052439,0
2144,0.674298715559358,0
2145,0.8755888008511759,0
2146,0.4395700428930525,0
2147,0.590801385754976,0
2148,2.2356624149853213,0
2149,3.1166120166515756,0
2150,1.3889812599473759,0
2151,2.4306113103277127,0
2152,1.8265488637602882,0
2153,2.111604456102989,0
2154,2.83928367204089,0
2155,1.4263848620915747,0
2156,1.3168440297066315,0
2157,2.7533490993604497,0
2158,1.4514632627252402,0
2159,0.38207727756829507,0
2160,1.4687629761666787,0
2161,0.08300048386003542,0
2162,0.4999745061230622,0
2163,3.68604007537235,0
2164,1.885059740297373,0
2165,1.8115801401963976,0
2166,0.9392179522485716,0
2167,1.7448906326744378,0
2168,2.2275778693545147,0
2169,2.0935831351981222,0
2170,2.556128689971223,0
2171,1.9683201375736619,0
2172,0.852234978189701,0
2173,0.9144409054471481,0
2174,0.7498533515488212,0
2175,0.7146857710553639,0
2176,0.5547180558671225,0
2177,0.8977870574880215,0
2178,2.05124036136797,0
2179,2.2015060144160405,0
2180,1.6318067077794478,0
2181,2.857135340682867,0
2182,1.6673044823348853,0
2183,1.7114815843256974,0
2184,1.9252666379016181,0
2185,0.7859514753831817,0
2186,1.123831085155594,0
2187,1.52723452176704,0
2188,1.5891307798633187,0
2189,0.901979482775523,0
2190,0.5638096498340552,0
2191,0.9008880013636545,0
2192,0.9379942134197844,0
2193,1.094701092670506,0
2194,1.2091832482159186,0
2195,1.9951372082866883,0
2196,1.5990091129690287,1
2197,1.8754633145041788,0
2198,1.5989065209042084,0
2199,1.1707253686415957,0
2200,0.981573497851791,0
2201,0.7701401414638767,0
2202,0.5744728697214517,0
2203,0.7832338882524172,0
2204,0.7467843610092542,0
2205,0.8280253794353165,0
2206,0.9626753743812085,0
2207,1.0942513194846968,0
2208,1.3834200344855498,0
2209,1.372468323823541,0
2210,1.5349471852627372,0
2211,1.8874077958642113,0
2212,2.0967150174771008,0
2213,0.7174346177694523,0
2214,1.3117268886616604,0
2215,1.1774309749925893,0
2216,0.9703124834871496,0
2217,0.918736048532439,0
2218,1.184237747543119,0
2219,1.091099641426483,0
2220,1.077027576835895,0
2221,1.026019698952218,0
2222,0.9951817742905061,0
2223,1.1203231513246523,0
2224,1.2598062037261921,0
2225,1.1406363355846594,0
2226,1.2205245426676188,0
2227,1.426269865859894,0
2228,1.5754478458155952,0
2229,1.629391799250874,0
2230,1.2981526156665866,0
2231,1.4907104861219698,0
2232,1.101423595056416,0
2233,0.996169472727407,0
2234,0.8474101915330026,0
2235,0.6672075937599932,0
2236,0.6932499087327745,0
2237,0.6039805960608337,0
2238,0.8926566836662345,0
2239,1.6898773829236842,0
2240,2.228534870864937,0
2241,0.8010421530818462,0
2242,2.202027287281654,0
2243,0.7500720587870208,0
2244,1.1627114746354745,0
2245,1.6495022924421776,0
2246,0.9173065161122534,0
2247,0.9640376335034851,0
2248,1.0061639854775164,0
2249,1.1673582218813554,0
2250,1.1605937014226813,0
2251,1.0635413786261445,0
2252,1.0374656513663476,0
2253,1.1387653039208738,0
2254,1.1417858460083485,0
2255,1.0636955391092886,0
2256,1.1570551056496834,0
2257,1.3297346545672186,0
2258,1.37330442077385,0
2259,1.547293504098689,0
2260,1.599214719055887,0
2261,1.2880039263678509,0
2262,1.3096002759914953,0
2263,1.1284925020756673,0
2264,0.9460034573895594,0
2265,0.7907376391831871,0
2266,0.685636858605195,0
2267,0.6266396221433815,0
2268,0.6434280946073151,0
2269,1.1182718288251745,0
2270,2.049639754347822,0
2271,1.584065498444114,0
2272,0.6652375523112026,0
2273,1.4208542513336826,0
2274,1.5076685446088607,0
2275,0.5484728118785835,0
2276,1.3948731206765725,0
2277,0.9755395425194203,0
2278,1.0237791572394899,0
2279,1.1496597536597513,0
2280,1.1662335757338664,0
2281,1.136313828482695,0
2282,1.0186389739907853,0
2283,1.1179781653690737,0
2284,1.0331888968146146,0
2285,1.1000824962824378,0
2286,1.0458122308818156,0
2287,1.0544028901866687,0
2288,1.4981741422418156,0
2289,1.3576889606423115,0
2290,1.6894890381470369,0
2291,1.3667195766056035,0
2292,1.352120378663823,0
2293,1.1724049834639052,0
2294,1.0483181217831732,0
2295,0.9110263825208357,0
2296,0.8854612777044517,0
2297,0.683959854764152,0
2298,0.5824130330710329,0
2299,0.724034337962641,0
2300,1.2921996823177135,0
2301,2.0091463547900137,0
2302,1.33821939020065,0
2303,1.315223308662829,0
2304,1.4707712005278049,0
2305,0.5681570417569424,0
2306,1.4273044730214361,0
2307,1.2807248694184867,0
2308,1.0131488960952384,0
2309,0.9307973358094661,0
2310,1.1036551273522903,0
2311,1.0892941513181829,0
2312,1.0706123406672463,0
2313,1.127183336599242,0
2314,1.0331880728870229,0
2315,1.0676974595853452,0
2316,1.184930067736489,0
2317,0.952398083477177,0
2318,1.2046983199129149,0
2319,1.3326917847203081,0
2320,1.624653735183593,0
2321,1.412518367927653,0
2322,1.3775974931183637,0
2323,1.3509067059057038,0
2324,1.2700497743037473,0
2325,1.153079101872894,0
2326,0.8744639864316883,0
2327,0.7301256029978677,0
2328,0.6875479516230123,0
2329,0.6310733226773256,0
2330,1.0094195891986644,0
2331,1.6056631081188855,0
2332,1.6005472953580597,0
2333,0.81182180204402,0
2334,1.5193732346415083,0
2335,1.3613082069667397,0
2336,0.875963438698785,0
2337,1.4437577486593796,0
2338,1.0436136620852565,0
2339,1.039361421417497,0
2340,0.9763794656930266,0
2341,1.080373015281759,0
2342,1.0666211699741386,0
2343,1.0706123406672463,0
2344,1.1289276226605496,0
2345,1.06785091830742,0
2346,1.1348695150804784,0
2347,1.1469458782989719,0
2348,1.0776365711319378,0
2349,1.3301054009096422,0
2350,1.4044830090940936,0
2351,1.3242966282049502,0
2352,1.514615766890402,0
2353,1.3778363892697856,0
2354,1.2753341512501735,0
2355,1.1410676507937643,0
2356,0.9762114052857608,0
2357,0.8262407037552677,0
2358,0.7722669999151848,0
2359,0.7559531648104928,0
2360,0.8142429213969256,0
2361,1.0643122300312065,0
2362,1.7985858241168255,0
2363,1.39004438999983,0
2364,0.8657925104654116,0
2365,1.9248402509161637,0
2366,1.102018828382256,0
2367,0.9829090680210453,0
2368,1.371751003385454,0
2369,1.0944017002312267,0
2370,0.9709881122840794,0
2371,1.1072156091335599,0
2372,1.1564884498939019,0
2373,0.9955112069549995,0
2374,1.0710719052864752,0
2375,1.1049918901290634,0
2376,1.0426707337093526,0
2377,1.1014234635016633,0
2378,1.1404921782178077,0
2379,1.0511309805580844,0
2380,1.1162154384100769,0
2381,1.347746006857746,0
2382,1.3427469606184184,0
2383,1.338096749358207,0
2384,1.415186400595342,0
2385,1.3158467964455436,0
2386,1.2071466459854825,0
2387,1.2269580448385349,0
2388,1.0191222246516853,0
2389,0.9489466059183731,0
2390,0.7712048323072153,0
2391,0.7054462447862346,0
2392,0.6681892301361944,0
2393,0.8740880635553834,0
2394,1.341035372771725,0
2395,1.5985991130868302,0
2396,1.4440987077021432,0
2397,0.9489465486585638,0
2398,0.8158528835648005,0
2399,2.1002323541553682,0
2400,1.0387303707367952,0
2401,1.1266010451836976,0
2402,1.1988294667658115,0
2403,0.99369679101726,0
2404,0.9295624531251249,0
2405,1.1542162203265902,0
2406,1.0121775697361604,0
2407,1.0526905181932626,0
2408,1.109436079082522,0
2409,1.1042494366342235,0
2410,1.0376235986686115,0
2411,1.1485179031930675,0
2412,1.0636955391092886,0
2413,1.181186809986041,0
2414,1.2807248694184867,0
2415,1.2144620099673764,0
2416,1.442280052232922,0
2417,1.5903694252613132,0
2418,1.2575903261797936,0
2419,1.155494711163145,0
2420,1.0776365711319378,0
2421,0.9113863937633697,0
2422,0.7146854922838437,0
2423,0.7128474363045715,0
2424,0.543366,0
2425,0.7796653043902877,0
2426,1.236148586139223,0
2427,1.8463762519971383,0
2428,1.3178402197235446,0
2429,0.8359122104013077,0
2430,1.4550744115848508,0
2431,1.337115827224029,0
2432,0.45856387467614584,0
2433,1.4478419061810583,0
2434,1.101869635144285,0
2435,1.0287336165723369,0
2436,1.0582849518678794,0
2437,1.0858246812381822,0
2438,1.013958451584186,0
2439,1.0606072523483894,0
2440,1.0501945257627274,0
2441,1.0601422971521324,0
2442,1.1887992747814913,0
2443,1.1807693827479606,0
2444,1.2757200543206961,0
2445,1.2435568796010095,0
2446,1.5206684751052741,0
2447,1.7150242675073142,0
2448,1.4473893613102176,0
2449,1.2991628175667589,0
2450,1.039519551109069,0
2451,0.9682822260818381,0
2452,0.6505270688464855,0
2453,0.7274245163128611,0
2454,0.872586426491382,0
2455,1.155495040334661,0
2456,1.6346180277514377,0
2457,1.1324092540729258,0
2458,1.1404925276002469,0
2459,1.272243979786896,0
2460,1.140635493996658,0
2461,1.1181248366515253,0
2462,1.224147769025047,0
2463,1.019605086396689,0
2464,0.9518805973975938,0
2465,1.1023161191259974,0
2466,1.201835904468659,0
2467,1.0551800743432374,0
2468,0.937819061825894,0
2469,1.1119460145119457,0
2470,0.9913838594182376,0
2471,1.0826479876700459,0
2472,1.0545581117771556,0
2473,1.0528458030058343,0
2474,1.0640036228411067,1
2475,1.0544025466334004,0
2476,1.0525341779814088,0
2477,1.027776560858925,0
2478,1.069386038849395,0
2479,1.0551800743432374,0
2480,1.0834052279392046,0
2481,1.0462821173866061,0
2482,1.0669291049240337,0
2483,1.0821928703419736,0
2484,1.0526905181932626,0
2485,1.0526905181932626,0
2486,1.0575097241302323,0
2487,1.0791572847787296,0
2488,1.021533559489359,0
2489,1.0483181217831732,0
2490,1.0338232424447613,0
2491,1.0545581117771556,0
2492,1.0664672965314033,0
2493,1.0834052279392046,0
2494,1.0638499837054094,0
2495,1.0426707337093528,0
2496,1.0755032793009047,0
2497,1.0636952666675734,0
2498,1.030008424778652,0
2499,1.027936155516966,0
2500,1.0323943333334409,0
2501,1.0741298183492534,0
2502,1.1002309935163617,0
2503,1.0650821834257673,0
2504,1.0390457522376,0
2505,1.027936155516966,0
2506,1.0197658000516587,0
2507,1.0055118484090577,0
2508,1.0755032793009047,0
2509,1.0390457522376,0
2510,1.0369915428522067,0
2511,1.0864289444110002,0
2512,1.0613797227886916,0
2513,1.0456548622690949,0
2514,1.0701521555718139,0
2515,1.0462821173866061,0
2516,1.0578198834007613,0
2517,1.0545581117771556,0
2518,1.0168664674946264,0
2519,1.0369915428522067,0
2520,1.0663136216995448,0
2521,1.0864289444110002,0
2522,1.0309634437646176,0
2523,1.0525341779814088,0
2524,1.0261794256420267,0
2525,1.0947005797655358,0
2526,1.0701521555718139,0
2527,1.0480051504506072,0
2528,1.0456548622690949,0
2529,1.030008424778652,0
2530,1.0735188347164664,0
2531,1.0528458030058343,0
2532,1.0390457522376,0
2533,1.041410956168121,0
2534,1.0508185712153169,0
2535,1.0545581117771556,0
2536,1.0420409223355867,0
2537,1.0331884234944757,0
2538,1.0545581117771556,0
2539,1.0525341779814088,0
2540,1.0508185712153169,0
2541,1.0613797227886916,0
2542,1.0369915428522067,0
2543,1.0927509981889745,0
2544,1.0551800743432374,0
2545,1.0616887514874593,0
2546,1.0191222246516853,0
2547,1.0664672965314033,0
2548,1.0436136620852565,0
2549,1.1018696680197708,0
2550,1.0910986288301348,0
2551,1.0616887514874593,0
2552,1.0613797227886916,0
2553,1.0508185712153169,0
2554,1.0528458030058343,0
2555,1.0593688218231647,0
2556,1.0506624523808776,0
2557,1.0910986288301348,0
2558,1.0369915428522067,0
2559,1.0456548622690949,0
2560,1.0821928703419736,0
2561,1.0331884234944757,0
2562,1.0183171656389771,0
2563,1.033029640269339,0
2564,1.0664672965314033,0
2565,1.0751982211197153,0
2566,1.0540919144998695,0
2567,1.0445562421215049,0
2568,1.0525341779814088,0
2569,1.0236187905949168,0
2570,1.0508185712153169,0
2571,1.0491001588995208,0
2572,1.0483181217831732,0
2573,1.0247398579595701,0
2574,1.0771795718425967,0
2575,1.0755032793009047,0
2576,1.069386038849395,0
2577,1.0352501792991875,0
2578,1.0755032793009047,0
2579,1.0462821173866061,0
2580,1.0352501792991875,0
2581,1.0352501792991875,0
2582,1.0352501792991875,0
2583,1.0650821834257673,0
2584,1.0585943707138252,0
2585,1.0593688218231647,0
2586,1.0191222246516853,0
2587,1.0261794256420267,0
2588,1.0927509981889745,0
2589,1.0613797227886916,0
2590,1.080827910214665,0
2591,1.0508185712153169,0
2592,1.0508185712153169,0
2593,1.0664672965314033,0
2594,1.0735188347164664,0
2595,1.0352501792991875,0
2596,1.0261794256420267,0
2597,1.0593688218231647,0
2598,1.027936155516966,0
2599,1.0650821834257673,0
2600,1.0508185712153169,0
2601,1.0528458030058343,0
2602,1.0436136620852565,0
2603,1.0751982211197153,0
2604,1.0418833665449314,0
2605,1.0545581117771556,0
2606,1.0687718180018597,0
2607,1.0558022023191656,0
2608,1.0667748514372657,0
2609,1.0480051504506072,0
2610,1.0771795718425967,0
2611,1.0525341779814088,0
2612,1.0456548622690949,0
2613,1.0814347644102256,0
2614,1.0771795718425967,0
2615,1.0369915428522067,0
2616,1.0636952666675734,0
2617,1.0613797227886916,0
2618,1.0599879616424897,0
2619,1.0545581117771556,0
2620,1.0613797227886916,0
2621,1.0352501792991875,0
2622,1.0456548622690949,0
2623,1.0456548622690949,0
2624,1.0508185712153169,0
2625,1.0771795718425967,0
2626,1.0593688218231647,0
2627,1.0701521555718139,0
2628,1.0593688218231647,0
2629,1.0636952666675734,0
2630,1.0191222246516853,0
2631,1.0545581117771556,0
2632,1.030008424778652,0
2633,1.0701521555718139,0
2634,1.0525341779814088,0
2635,1.0616887514874593,0
2636,1.0701521555718139,0
2637,1.0338232424447613,0
2638,1.0525341779814088,0
2639,1.0525341779814088,0
2640,1.0352501792991875,0
2641,1.0599879616424897,0
2642,1.0613797227886916,0
2643,1.0525341779814088,0
2644,1.0701521555718139,0
2645,1.06815776961037,0
2646,1.0771795718425967,0
2647,1.0710719052864752,0
2648,1.0525341779814088,0
2649,1.0436136620852565,0
2650,1.0407807653156356,0
2651,1.0483181217831732,0
2652,1.0508185712153169,0
2653,1.0599879616424897,0
2654,1.030008424778652,0
2655,1.0212123795151526,0
2656,1.0456548622690949,0
2657,1.0352501792991875,0
2658,1.0508185712153169,0
2659,1.0755032793009047,0
2660,1.0528458030058343,0
2661,1.0445562421215049,0
2662,1.0528458030058343,0
2663,1.0436136620852565,0
2664,1.0593688218231647,0
2665,1.0613797227886916,0
2666,1.0508185712153169,0
2667,1.0613797227886916,0
2668,1.0755032793009047,0
2669,1.0821928703419736,0
2670,1.0462821173866061,0
2671,1.0508185712153169,0
2672,1.0797659669382065,0
2673,1.0456548622690949,0
2674,1.0771795718425967,0
2675,1.0469089966845255,0
2676,1.0508185712153169,0
2677,1.0407807653156356,0
2678,1.0947005797655358,0
2679,1.027936155516966,0
2680,1.0821928703419736,0
2681,1.0880878891463686,0
2682,1.0508185712153169,0
2683,1.0087690719976499,0
2684,1.0323943333334409,0
2685,1.088088771377593,0
2686,1.0456548622690949,0
2687,1.0048590898439442,0
2688,1.0753512663190572,0
2689,1.0228172708333585,0
2690,1.015090580444425,0
2691,1.0191222246516853,0
2692,1.0331884234944757,0
2693,1.0979928650250874,0
2694,1.0068159879754592,0
2695,1.022175616681889,0
2696,1.041410956168121,0
2697,1.1184180081512456,0
2698,1.010556068126356,0
2699,1.067543503749613,0
2700,1.0301676385108396,0
2701,1.161865049929638,0
2702,1.1347247208574422,0
2703,1.0709186544289908,0
2704,1.1277654879663592,0
2705,1.0053486579659814,0
2706,1.027936155516966,0
2707,1.185206164331337,0
2708,1.1922434748410242,0
2709,1.015090294957547,0
2710,1.3062133537849014,0
2711,1.1694640860654935,1
2712,1.3421357938997827,0
2713,1.9543537056469589,0
2714,1.9120154340791813,0
2715,0.8598994551510077,0
2716,0.6625195732972724,0
2717,0.44217494024650467,0
2718,1.354180419783494,0
2719,1.2334919390437864,0
2720,1.353575258519821,0
2721,2.5004002420644578,0
2722,2.82967706331765,0
2723,1.5489891964200397,0
2724,1.6365235757244685,0
2725,1.9753077946813757,0
2726,1.2183726364470764,0
2727,2.6128668824379475,0
2728,2.5026284650363104,0
2729,1.7806220000362232,0
2730,0.2430003643906733,0
2731,0.5960529234229122,0
2732,0.33200171721694455,0
2733,1.0894446344436233,0
2734,3.229711994571188,0
2735,2.632753440252619,0
2736,1.4111239392927184,0
2737,1.9257767875898806,0
2738,2.260324801099612,0
2739,2.6561375518233237,0
2740,2.4723629147439095,0
2741,1.287494750707357,0
2742,1.1209086716780274,0
2743,0.9479092642283858,0
2744,1.2148665932656968,0
2745,0.593571832035517,0
2746,0.7210825588980779,0
2747,1.0312821137777965,0
2748,3.5919244384216937,0
2749,1.5476112083055613,0
2750,1.5911940499027766,0
2751,0.8955915951782933,0
2752,2.5265680066732816,0
2753,2.5750530230133126,0
2754,2.330989468828635,0
2755,1.9623112740852304,0
2756,1.8847984468502195,0
2757,0.6762416372222284,0
2758,0.7063746923078431,0
2759,0.30469427018406503,0
2760,2.583701176039133,0
2761,3.418551384454386,0
2762,1.298783391887962,0
2763,1.5539579460760835,0
2764,1.111799375229632,0
2765,2.6782156433741475,0
2766,2.441048966617835,0
2767,2.5066889333313775,0
2768,1.8264588939655881,0
2769,0.788243912257494,0
2770,1.0607619075466463,0
2771,1.0942513194846968,0
2772,0.785534532629852,0
2773,0.7959060493280598,0
2774,0.8053306790766138,0
2775,2.6920211477739175,0
2776,2.551440648150766,0
2777,1.5828228238779602,0
2778,2.441519133853143,0
2779,3.287698045456578,0
2780,2.4927123229961774,0
2781,3.2799052121186367,0
2782,1.701581694545989,0
2783,1.4518021251720223,0
2784,0.5891335777139172,0
2785,0.9948513222431782,0
2786,0.3698607871442984,0
2787,1.9434124627175775,0
2788,3.884334367888918,0
2789,3.0782183728835744,0
2790,1.559857805130006,0
2791,1.220255858400606,0
2792,2.0780126259900347,0
2793,2.8697378399336406,0
2794,1.8773868827934748,0
2795,0.9770511957942634,0
2796,1.0388874806922066,0
2797,0.9365942881023778,0
2798,0.695375414771762,0
2799,0.4688224796242177,0
2800,0.8402179930910788,0
2801,1.738486354794308,0
2802,3.0027464927097993,0
2803,1.7122476386218204,0
2804,3.456628189322942,0
2805,2.7036944636561655,0
2806,2.1555776831230182,0
2807,2.5677815483504434,0
2808,1.8720497254851434,0
2809,1.0593689415033838,0
2810,1.2407836738694622,0
2811,0.6234904614290422,0
2812,0.8629460343039997,0
2813,0.334463122482883,0
2814,1.0687718180018595,0
2815,1.9924227701815698,0
2816,2.1192023995288887,0
2817,1.2102674151876518,0
2818,2.0813261248478097,0
2819,2.488959015963702,0
2820,2.3942355692126456,0
2821,1.68024017879915,0
2822,1.0669288842359645,0
2823,0.9386933738639045,0
2824,0.814242743443256,0
2825,0.5087560196380972,0
2826,0.5932949482778359,0
2827,1.5990093281844857,0
2828,2.745654016811659,0
2829,1.7703675276741269,0
2830,2.553046728261353,0
2831,1.8859299736029438,0
2832,2.0016214058692516,0
2833,2.820736236473379,0
2834,1.3434795514893407,0
2835,1.5412392401081019,0
2836,1.7761942452820298,0
2837,1.1238313913683848,0
2838,0.9217656750134493,0
2839,0.441060580280079,0
2840,0.31055908192967085,0
2841,3.489780455698897,0
2842,1.7198946807711801,0
2843,2.061687913289982,0
2844,1.518185265353672,0
2845,1.5819928052794678,0
2846,2.552789654484286,0
2847,2.4591244356286652,0
2848,1.6933678364531435,0
2849,0.7496345805023938,0
2850,0.7123870732502099,0
2851,0.7705667067405652,0
2852,0.7395002222697434,0
2853,0.5255653524301236,0
2854,1.9166423023939547,0
2855,2.78067707834369,0
2856,1.7287416635232113,0
2857,2.7456538848782452,0
2858,1.8366686531021321,0
2859,2.1391553828899386,0
2860,3.0137058492289857,0
2861,1.1450851720850288,0
2862,1.5514226234875526,0
2863,2.0587427879499662,0
2864,0.9224776066360635,0
2865,0.5661322405781178,0
2866,0.6064198792808494,0
2867,1.1745021073378283,0
2868,3.77989580023762,0
2869,1.70639463059106,0
2870,1.7332897745671378,0
2871,1.4202769253173835,0
2872,1.74282089547578,0
2873,2.4921858979592595,0
2874,2.423853614418783,0
2875,2.01077863688597,0
2876,0.6993738607962124,0
2877,0.9057905799962815,0
2878,0.9124652576460103,0
2879,0.8404126671302616,0
2880,0.35722817915444466,0
2881,1.7030263952179368,0
2882,3.1719078970717294,0
2883,1.6938520750803476,0
2884,2.422703272076669,0
2885,1.9617254182071455,0
2886,1.8845375592778724,0
2887,2.6999300163393123,0
2888,1.8005917939405367,0
2889,1.8872332419510314,0
2890,1.7949341406137997,0
2891,0.5511577473736534,0
2892,0.9113863937633697,0
2893,0.23615358203508158,0
2894,0.7176633308453205,0
2895,2.9419892157144285,0
2896,1.8208822704636893,0
2897,1.1856217392389532,0
2898,1.8885367138390505,0
2899,2.512440887269191,0
2900,2.4850014943339573,0
2901,1.7307322341916442,0
2902,0.694431896357015,0
2903,0.8421676764956013,0
2904,0.9553210577041626,0
2905,0.8776472371357413,0
2906,0.5391226779249784,0
2907,1.5532191211815543,0
2908,3.1818726119651615,0
2909,1.6004445642376997,0
2910,1.154216314479656,0
2911,1.7435740635998231,0
2912,1.9685704002054383,0
2913,2.317368712388471,0
2914,1.6038228599218805,0
2915,2.0568297226766243,0
2916,2.372142643357688,0
2917,0.5412479954133779,0
2918,0.7516007214399145,0
2919,0.18021383317326115,0
2920,0.9054283437809975,0
2921,3.4382625404112175,0
2922,2.0860487202289884,0
2923,1.8814012081959022,0
2924,0.8246514611961832,0
2925,1.6072971317646902,0
2926,2.408715782852556,0
2927,2.5142030535139757,0
2928,2.413953623059482,0
2929,1.4550741999757262,0
2930,0.8222614746040336,0
2931,1.17951850265903,0
2932,1.177431174969051,0
2933,0.4380753022620654,0
2934,0.9869057048983961,0
2935,2.118506095245893,0
2936,2.5132244834469124,0
2937,1.2535417028124751,0
2938,2.0477180431306943,0
2939,0.5990723547101802,0
2940,2.4306113326827883,0
2941,2.5134199497809755,0
2942,1.8008644805340017,0
2943,1.8722250081448544,0
2944,1.8845379821592878,0
2945,0.6323720243092669,0
2946,1.1173912066680138,0
2947,0.21885011492800274,0
2948,1.4635042297431191,0
2949,3.761276874408078,0
2950,1.2768766098452897,0
2951,2.370482875730386,0
2952,1.4374953943710567,0
2953,2.3925912110191327,0
2954,2.422702987987797,0
2955,1.926458287585018,0
2956,1.2820049849684674,0
2957,0.9054279637050096,0
2958,0.6659766642240552,0
2959,0.9648874939193689,0
2960,0.45280488000020497,0
2961,1.401091548941039,0
2962,1.9632303139657352,0
2963,1.8369358461824408,0
2964,1.8035041902995401,0
2965,1.6837514496412467,0
