Time,X1,X2,X3,Label
0,0.5909189,-0.61845225,9.778668,0
1,-7.6307697,-8.311023,-1.6081554,0
2,-5.892579,-7.1953244,-2.8555346,0
3,-7.197419,-3.5417726,-1.6105496,0
4,-10.542119,-8.425944,-2.3599348,0
5,-3.4002154,-4.3510127,0.64718264,0
6,-11.870901,-3.903297,-0.3919009,0
7,-8.097639,-2.0238485,-0.8372224,0
8,-7.503877,-6.110751,0.51310736,0
9,-10.752809,-4.1020155,-0.027982233,0
10,-9.007436,-2.1363761,-0.6289269,0
11,1.6443677,-4.0924387,-3.9209542,0
12,-0.050727148,-7.300669,1.4372692,0
13,-10.032154,-1.956811,-0.059106853,0
14,-7.4224744,-5.8114758,1.3343185,0
15,-15.095891,-3.975123,-2.1947348,0
16,-9.002647,-2.7564743,0.64478844,0
17,-8.186225,-6.146664,-1.9265841,0
18,-5.540632,-4.2313027,0.23059155,0
19,-12.198907,-3.831471,0.28086978,0
20,-9.586832,-7.8728833,-0.19557635,0
21,-9.821465,-2.430863,-1.1724106,0
22,-10.676194,-4.461146,0.8674492,0
23,-10.001029,-7.379678,1.3151649,0
24,-6.735338,-0.41255087,0.7956231,0
25,-8.638729,-4.983082,-0.41823712,0
26,-15.780632,-4.1235633,-0.4086603,0
27,-7.156718,-1.1954548,-0.6959645,0
28,-4.4800005,-7.951892,-4.342334,0
29,-12.821399,-0.28565818,-0.17163433,0
30,-13.170953,-3.0246248,-1.840393,0
31,-9.0098295,-5.519383,1.008707,0
32,-8.578874,-2.1076458,-1.0838252,0
33,-16.08709,-4.7292967,0.7860463,0
34,-11.188554,-6.7715507,-2.826804,0
35,-7.9491987,-1.9376574,-0.9784803,0
36,-9.871742,-4.3510127,0.61845225,0
37,-14.892384,-4.8011227,-0.64329207,0
38,-8.011448,-3.8027406,0.1587655,0
39,-6.675483,-5.423615,0.06778584,0
40,-11.207707,-3.2424972,-0.87792385,0
41,-9.452757,-4.4659343,-0.42541972,0
42,-5.3155766,-4.7508445,0.18749592,0
43,-11.772738,-4.34383,-0.047135845,0
44,-9.529371,-7.152229,-0.49963996,0
45,-4.0179195,-5.2153196,-0.14769232,0
46,-14.047231,-3.5034652,-1.2657845,0
47,-10.937162,-2.608034,-0.5307646,0
48,-6.5605617,-7.259968,-1.6344916,0
49,-10.678589,-2.4141035,-0.98087454,0
50,-16.096666,-3.2353146,-0.34162265,0
51,-12.397625,-6.3908725,0.34072483,0
52,-7.8175173,-1.7820343,-1.2370541,0
53,-10.295516,-7.92795,-1.7613842,0
54,-17.269825,-5.4403744,-2.197129,0
55,-9.210943,-1.5450083,-0.9258079,0
56,-7.6068277,-6.0078,0.6088754,0
57,-8.566902,-2.1196167,-0.8276456,0
58,-16.565931,-5.105186,-0.08304887,0
59,-13.508534,-6.7835217,-0.22670098,0
60,-6.720973,-1.5234605,-0.20754737,0
61,-7.6164045,-5.9192147,-0.56667763,0
62,-13.848512,-4.6814127,-0.21233577,0
63,-11.61951,-3.855413,0.36706105,0
64,-8.248474,-8.102727,0.40536827,0
65,-12.234819,-0.95842886,-1.2490251,0
66,-15.7926035,-6.216096,-0.29134443,0
67,-15.344888,-5.1794066,0.7980174,0
68,-5.983559,-1.0948983,-0.25303718,0
69,-7.293187,-4.937592,0.8794202,0
70,-17.657686,-5.279963,-2.4389434,0
71,-7.0920744,-2.406921,-0.05431845,0
72,-8.581267,-6.2567973,0.7956231,0
73,-9.632322,-3.6088102,0.16115971,0
74,-11.597962,-4.904073,0.45325232,0
75,-8.662671,-7.8657007,0.912939,0
76,-9.371354,-2.397344,-1.3711294,0
77,-16.11582,-4.8944964,-0.55470663,0
78,-13.151799,-6.1897597,0.40297407,0
79,-7.647529,-1.0039186,-1.2011411,0
80,-13.027301,-7.784298,0.4436755,0
81,-14.600291,-7.02773,0.13003507,0
82,-8.212561,-1.8203415,-1.1819874,0
83,-7.9444103,-6.9750576,0.64957684,0
84,-10.312276,-3.3741784,-0.097414084,0
85,-12.328194,-4.4563575,-0.2769792,0
86,-9.503036,-6.216096,-0.99523973,0
87,-8.119186,-2.256086,-0.4110545,0
88,-15.100679,-4.034978,0.66394204,0
89,-13.070396,-7.2432084,0.14440028,0
90,-8.157495,-1.2265794,-1.2921207,0
91,-7.633164,-5.40925,0.66873044,0
92,-12.646623,-3.963152,-0.9569325,0
93,-8.748862,-2.193837,-1.2633903,0
94,-9.684995,-7.0468836,1.4013562,0
95,-7.314735,-1.9041386,-1.1125556,0
96,-16.403124,-5.88809,0.93688107,0
97,-13.961039,-3.8530188,0.51550156,0
98,-5.2413564,-1.7461212,-0.6887819,0
99,-6.9747586,-3.5776856,1.018284,0
100,-14.368053,-5.220108,-0.33922845,0
101,-6.5677443,-1.3391069,-0.7103297,0
102,-7.7935753,-6.5991683,-0.87792385,0
103,-15.411925,-1.0637738,-1.0407295,0
104,-10.190171,-5.3230586,-0.111779295,0
105,-12.407202,-6.1873655,0.67351884,0
106,-7.0920744,-2.217779,-1.6584336,0
107,-11.085603,-6.994211,0.5705682,0
108,-18.481293,-7.772327,-8.934413,0
109,-9.881319,-2.7828104,-1.6440684,0
110,-8.535778,-9.156176,-0.89947164,0
111,-9.634717,0.66005147,-1.7111061,0
112,-12.373683,0.21712416,0.592116,0
113,-12.835764,-5.007024,0.1707365,0
114,-8.406491,-1.8442835,-0.78933835,0
115,-8.219744,-5.9766755,-0.6744167,0
116,-11.667394,-2.9456162,-0.65765727,0
117,-12.905196,-4.6694417,0.3215712,0
118,-5.057003,-0.52986676,7.999776,0
119,-7.3865614,-2.7085903,-0.8420108,0
120,-13.11828,-3.8290768,-0.08783727,0
121,1.0099041,-5.325453,-7.7684364,1
122,-11.705701,-19.891775,0.33593643,0
123,-5.0498204,-19.891775,7.188142,0
124,9.128642,-0.5969044,4.281581,0
125,5.089624,2.9417257,0.38860887,0
126,3.0641294,-0.53226095,-1.2969091,0
127,6.4255886,-4.2169375,-15.899145,0
128,-2.1672015,-14.60059,-12.559234,0
129,-7.455993,-2.5673325,-2.0486884,0
130,-9.845407,5.608866,-1.081431,0
131,-10.060884,-2.631976,-2.992004,0
132,7.1246953,-19.891775,-15.482554,0
133,2.300379,-19.891775,-6.839486,0
134,7.6466312,-9.14181,-0.88271224,0
135,8.779089,0.5283704,2.6056397,0
136,6.657826,0.5379472,1.386991,0
137,5.1829977,-9.450663,-5.1132665,0
138,-0.1297358,-19.891775,-11.460296,0
139,-0.22071546,-10.384401,-6.7269588,0
140,-9.931598,4.4117656,-1.5339351,0
141,-8.89012,0.10459669,-2.3838768,0
142,0.10250176,-19.891775,-10.8090725,0
143,6.040122,-19.891775,-0.9545383,0
144,11.300183,-6.228067,-4.3159976,0
145,6.9475245,-0.9153332,0.9871593,0
146,5.61156,-0.52747256,3.5202246,0
147,3.9380128,-11.581502,-3.5259109,0
148,2.585289,-19.891775,-19.690962,0
149,-0.5271733,-12.393136,-6.8538513,0
150,-8.72492,3.8922238,0.1707365,0
151,-11.674577,6.743718,-2.6735752,0
152,-9.000253,3.1787517,-2.9824271,0
153,-7.108834,-11.495311,-8.273613,0
154,5.053711,-19.891775,-15.482554,0
155,5.709722,-18.75932,-4.4811974,0
156,7.0911765,-3.6375406,0.4436755,0
157,5.8533745,0.65765727,2.0310311,0
158,5.3577743,-1.7604865,-3.9616556,0
159,11.094282,-19.891775,-13.239187,0
160,-0.8527847,-18.021904,-10.928782,0
161,-7.362619,-2.3494601,-0.74145436,0
162,-12.984204,5.4173303,-0.8396166,0
163,-8.504653,5.6759043,-1.2394483,0
164,-8.751256,-17.653198,-9.324667,0
165,4.555717,-19.891775,-12.1067295,0
166,7.0313215,-9.5871315,0.8099884,0
167,7.404817,1.4357728,2.6487353,0
168,2.7385178,-8.016536,-4.8858175,0
169,4.605995,-8.442703,-6.743718,0
170,4.9268184,-19.891775,-16.456995,0
171,0.4664204,-15.809662,-10.311078,0
172,-4.5398555,-2.0430021,-1.1580454,0
173,-9.998635,3.3319805,0.8674492,0
174,-8.760833,5.877017,-2.7501895,0
175,1.1056722,-19.891775,-18.053926,0
176,1.0122985,-19.891775,-10.782736,0
177,10.457424,-12.905496,-3.4780269,0
178,6.6985273,-3.7931638,-1.1341034,0
179,6.432771,0.4062661,2.706196,0
180,1.86224,1.4908395,6.077232,0
181,5.601983,-19.891775,-19.690962,0
182,-0.19198506,-12.843246,-8.582465,0
183,-1.7601871,-5.6774006,-3.846734,0
184,-9.720908,-0.07496844,2.643947,0
185,-8.286781,5.4700027,-0.36077628,0
186,-6.7520976,-9.544036,-7.988703,0
187,9.186103,-19.891775,-17.871967,0
188,8.331373,-13.003657,-3.1260793,0
189,6.2508116,-3.6614826,0.5705682,0
190,7.924359,0.7270891,2.6846483,0
191,5.4056587,-3.0102596,-1.6249148,0
192,5.5205803,-16.101755,-17.692402,0
193,-3.0937574,-18.467226,-13.998149,0
194,-4.5518265,1.1628338,-2.2234652,0
195,-12.043283,10.770765,-2.968062,0
196,-10.843788,-3.1275756,-4.6942816,0
197,5.331438,-19.891775,-12.068422,0
198,9.236382,-10.274268,-2.3455694,0
199,7.8333793,1.9648914,2.457199,0
200,8.664167,-6.2831335,-0.7055413,0
201,16.328007,-19.891775,-19.690962,0
202,-5.7561097,-11.717971,-3.264943,0
203,-14.743943,7.8761754,-1.0455179,0
204,-11.607539,0.33683425,-3.6599863,0
205,7.5388923,-19.891775,10.53763,0
206,5.8366146,-4.769998,2.3135471,0
207,6.681768,2.2426188,5.5241714,0
208,5.295525,-12.649316,-2.2114942,0
209,0.27249008,-15.723471,13.31251,0
210,-4.714632,-9.912744,-0.07107786,0
211,-4.580557,-1.3223475,0.6998551,0
212,-15.620221,-18.431313,-4.7685018,0
213,2.7193642,-19.891775,-1.5435119,0
214,10.828526,0.08304887,3.8841434,0
215,4.3139024,-13.946973,0.40297407,0
216,-2.1911435,-19.891775,-16.524033,0
217,-8.727314,6.353463,0.4556465,0
218,-16.67367,11.618313,-3.9568672,0
219,-8.317905,-19.891775,-19.342007,0
220,10.806977,-9.137022,-2.1683986,0
221,9.564387,-0.20664953,1.2792519,0
222,10.246735,-19.891775,-14.79063,0
223,-1.9660885,-7.4347444,-5.0318637,0
224,-16.95379,12.623878,-1.5650598,0
225,-16.733524,-14.978874,10.305392,0
226,8.714445,-19.891775,-3.1308677,0
227,8.154202,-2.9647698,1.1308113,0
228,5.0513167,-14.444967,-12.034904,0
229,-1.7769465,-10.882395,-5.7860374,0
230,-18.237083,3.906589,-7.9120884,0
231,4.0122333,-19.891775,-11.386075,0
232,9.7655,-0.35030162,4.049343,0
233,10.945841,-9.254337,-8.4029,0
234,-1.4800656,-16.855928,-8.764424,0
235,-14.521282,4.4692264,-1.6105496,0
236,4.0984244,-19.891775,-19.690962,0
237,12.3656025,-3.7428854,0.61845225,0
238,7.5748053,-8.732402,-13.689297,0
239,-8.313117,3.2505777,6.359748,0
240,-7.0465846,-5.8426003,7.0851912,0
241,0.33952773,-0.53226095,10.188076,1
242,-0.16804303,-6.517765,-6.7748427,0
243,-14.075961,-2.4380455,0.65436524,0
244,-17.940203,-6.3645363,-2.9034185,0
245,-5.933281,-3.0389903,0.16115971,0
246,-15.1078615,-5.399673,1.5138837,0
247,-1.5518916,-4.8561893,0.39818567,0
248,-13.096732,-3.0413845,-0.55949503,0
249,-6.7401266,-2.517054,-1.6344916,0
250,-7.065738,-3.7404912,-1.1915642,0
251,-3.814412,-4.5640965,0.5585972,0
252,-13.199683,-2.4404397,0.95842886,0
253,-5.4281044,-2.9695582,-0.8060978,0
254,-7.0226426,-4.707749,0.93209267,0
255,-8.432827,-3.7476737,0.10130466,0
256,-4.061015,-2.454805,1.0446202,0
257,-10.247632,-5.030966,-1.0550947,0
258,-12.763938,-5.921609,0.8267478,0
259,-2.2246623,-3.9200563,1.9544168,0
260,-11.159823,-4.6814127,1.410933,0
261,-7.4727526,-3.0461729,1.5019127,0
262,-7.2620625,-1.7221792,-0.56667763,0
263,-12.431144,-3.1587002,1.49473,0
264,-13.168558,-4.8202763,0.32875383,0
265,-9.761609,-6.4722753,-0.31289223,0
266,-16.19004,-3.903297,-2.4006362,0
267,-3.4289458,-2.098069,1.3343185,0
268,-9.277981,-5.081244,-1.0191817,0
269,-1.6237177,-7.23842,0.09891046,0
270,-15.8165455,-3.0006828,2.253692,0
271,-3.8910267,-2.11004,-1.1580454,0
272,-4.0035543,-5.521777,5.6007857,0
273,-8.902091,-4.7149315,-2.6376622,0
274,-7.501483,-2.4356513,-2.0869956,0
275,-6.7497034,-0.8363246,7.042095,0
276,-7.230938,-2.1603181,-0.114173494,0
277,-1.3962685,0.08783727,9.946262,0
278,-2.2749405,-1.6503532,7.7579618,0
279,-11.509377,-2.7612627,-1.3256396,0
280,-3.5869632,-3.3478422,-1.1556512,0
281,-17.360806,-4.2025723,-3.6144965,0
282,-19.783737,-9.836129,-8.766818,0
283,-2.9477112,-8.176947,0.37424365,0
284,-16.814928,-3.2951698,0.65915364,0
285,-1.022773,0.16445173,0.04623802,0
286,-3.9389107,-5.3829136,-0.05192425,0
287,-19.783737,-3.5992334,-3.7701194,0
288,-4.6332293,-0.5538088,1.5258547,0
289,-19.783737,-12.790574,-9.221717,0
290,-8.083274,-3.8362594,1.2505214,0
291,-10.707319,-3.048567,-0.56428343,0
292,-11.626693,-1.2170026,-3.2817023,0
293,-10.161441,-4.0397663,-0.5379472,0
294,-0.99643683,-6.8553476,-1.3831004,0
295,-1.0491092,-4.1427174,-3.133262,0
296,-4.559009,-9.476998,-10.658237,0
297,-1.3747207,-7.224055,-1.6991351,0
298,-1.55668,-7.712472,-3.0350995,0
299,-1.8487726,-10.690859,-2.2785318,0
300,-4.6571712,-6.9487214,1.2241852,0
301,-9.60838,-6.14427,3.6016276,0
302,-5.234174,-2.2943933,-0.4062661,0
303,-8.44001,0.36317047,5.5026236,0
304,-9.996241,-2.418892,0.865055,0
305,-4.061015,1.2945149,1.470788,0
306,-7.2357264,-0.85068977,-1.3711294,0
307,-12.232426,-2.9695582,-1.3328222,0
308,-14.2004595,-5.945551,0.84590137,0
309,-4.57098,-3.3598132,1.9161096,0
310,-14.248343,-3.1946132,-0.09023148,0
311,-7.58528,-4.161871,-2.2665608,0
312,-10.238055,-4.8370357,-1.2753613,0
313,-8.346636,-2.9575872,2.1004632,0
314,-6.139182,-1.3678373,0.23059155,0
315,-8.861389,-5.184195,-3.0925603,0
316,-2.4808419,-3.4483986,1.6264112,0
317,-11.856536,-5.2033486,-2.8196213,0
318,-3.788076,-4.6885953,3.5561378,0
319,-19.783737,-4.5186067,-5.2281885,0
320,-4.6092873,-2.373402,0.40057987,0
321,-19.783737,-8.634239,-3.207482,0
322,-7.4464164,-1.5785271,3.0533555,0
323,-4.9229274,-3.3550248,1.3965678,0
324,-14.5141,-5.445163,0.28805238,0
325,-10.47987,-4.3222823,-1.5075989,0
326,-9.227702,-2.5074773,0.6112696,0
327,-5.392191,-3.1132104,1.9113212,0
328,-11.51177,-5.210531,2.3997383,0
329,-5.578939,-1.8706198,-0.74863696,0
330,-9.000253,-2.2465093,-3.075801,0
331,-7.3721957,-6.302287,-0.89228904,0
332,-5.6196404,3.4588733,6.204125,0
333,-11.782315,-4.0397663,0.33114803,0
334,-4.4009914,-5.8090816,-1.0598831,0
335,-7.501483,-6.5321302,-1.4357728,0
336,-3.407398,-4.3342533,-2.256984,0
337,-12.407202,-7.7555676,-5.168333,0
338,-10.700136,-3.6566942,2.0382137,0
339,-16.304962,-5.706131,0.33593643,0
340,-6.4504285,-1.5330373,-1.5123873,0
341,-15.483751,-7.3892546,0.8818144,0
342,-15.318551,-5.19856,-1.2107179,0
343,-1.2454338,-0.8123826,6.1370873,0
344,-9.277981,-4.1953897,-0.46372694,0
345,-6.0482025,-4.0804677,0.8842086,0
346,-6.7999816,-8.176947,1.2146084,0
347,-5.26051,-2.4643817,0.19707273,0
348,-19.783737,-12.426655,-0.262614,0
349,-2.1456537,-0.35269585,10.437074,0
350,-0.87433255,-0.8315362,6.0365305,0
351,-4.8295536,-4.2552447,16.243013,0
352,-2.282123,-0.24735096,8.081179,0
353,-0.3835212,-0.1491887,8.916756,0
354,-0.76898766,0.65526307,8.004564,0
355,-8.535778,-2.718167,6.6973305,0
356,-3.1512184,-2.3566427,9.735572,0
357,-1.1400889,-0.75252753,4.7125373,0
358,-2.5359085,-3.8171058,10.963798,0
359,-0.2709937,-2.1531355,8.579173,0
360,-3.6037226,-3.2544682,10.2000475,0
361,-3.17127,3.387945,13.307721,1
362,2.7998693,-4.706851,1.4276924,0
363,-0.34611177,-8.415469,4.7245083,0
364,-0.2264017,-8.14253,4.5305777,0
365,-0.24316111,-8.125771,5.5648727,0
366,0.61156887,-7.5344033,5.861754,0
367,0.3410241,-7.555951,6.0221653,0
368,0.21413141,-7.637354,5.9647045,0
369,0.23328502,-7.697209,5.825841,0
370,0.25004444,-7.7163625,5.88809,0
371,0.24765024,-7.6229887,5.7611976,0
372,0.22370823,-7.7379103,5.816264,0
373,0.25004444,-7.7546697,5.7995048,0
374,0.2021604,-7.7786117,5.754015,0
375,-0.14499883,-6.674885,7.420379,0
376,1.3465889,-1.8146553,11.519253,0
377,-0.042048167,-1.7835306,9.527277,0
378,-0.0899322,-1.8792987,9.2447605,0
379,-0.15457565,-1.6135423,9.551219,0
380,-0.16415246,-1.9607016,9.417144,0
381,-0.14260463,-2.0397103,9.5392475,0
382,-0.16415246,-2.1713912,9.421932,0
383,-0.17372926,-2.0780175,9.429114,0
384,-0.16654666,-2.2192752,9.455451,0
385,0.0010474633,-2.238429,9.266309,0
386,-0.2527379,-2.3054667,9.433903,0
387,-0.20245968,-2.2911015,9.510517,0
388,-0.2551321,-2.3150434,9.388413,0
389,-0.2359785,-2.4467244,9.431509,0
390,-0.26231474,-2.3174376,9.383625,0
391,-0.56637836,1.6042647,8.373272,0
392,-0.4897639,-2.9758432,9.263914,0
393,-0.5448305,-2.98542,9.3525,0
394,-0.49455228,-2.9662662,9.316587,0
395,-0.32216978,-2.856133,9.208848,0
396,-0.33653498,-2.298284,9.697265,0
397,-0.46821606,-3.4451065,9.23279,0
398,-0.38441902,-3.3086371,8.931121,0
399,-0.3700538,-3.176956,9.11308,0
400,-0.03247136,-3.5504515,9.39799,0
401,-0.58792615,-3.9790137,8.823381,0
402,-0.57834935,-3.9407063,8.890419,0
403,-0.60229135,-4.0412626,8.773103,0
404,-0.5424363,-4.1274543,8.789863,0
405,-0.68608844,-4.1681557,8.665364,0
406,-1.1768998,-1.314267,10.544812,0
407,-0.14021043,-1.4938322,9.596708,0
408,-0.2287959,-1.8457799,9.505729,0
409,-0.20724809,-1.8816929,9.627833,0
410,-0.34132338,-2.0516813,9.436297,0
411,-0.43948564,-1.9463364,9.474605,0
412,-0.4825813,-2.049287,9.520094,0
413,-0.4849755,-1.9607016,9.556007,0
414,-0.41793784,-1.9319712,9.465028,0
415,-0.39399582,-2.097171,9.433903,0
416,-0.49694648,-2.2934957,9.445874,0
417,-0.57356095,-2.2958899,9.553613,0
418,-0.56158996,-2.1474493,9.409961,0
419,-0.49934068,-2.2791305,9.374048,0
420,-0.59510875,-2.3796868,9.354895,0
421,0.71451956,-1.8936639,8.4642515,0
422,-0.56637836,-3.7970543,8.926332,0
423,-0.68848264,-3.804237,8.892814,0
424,-0.68369424,-3.9071875,8.892814,0
425,-0.67890584,-3.8856397,8.84493,0
426,-0.6142624,-4.024503,8.852112,0
427,-0.71003044,-3.926341,8.892814,0
428,-0.68130004,-3.8952165,8.82817,0
429,-0.6501754,-3.95986,8.868872,0
430,-0.68369424,-4.024503,8.804228,0
431,-0.657358,-4.060416,8.816199,0
432,-0.6717232,-3.983802,8.794651,0
433,-0.61186814,-4.058022,8.801834,0
434,-0.6405986,-4.012532,8.804228,0
435,-0.6501754,-3.9981673,8.820988,0
436,-0.70524204,-4.019715,8.8305645,0
437,-0.6501754,-4.036474,8.82817,0
438,-0.61186814,-4.1154833,8.72043,0
439,-0.70284784,-4.1083007,8.818593,0
440,-0.6597522,-3.9359179,8.892814,0
441,-0.15696985,-2.9088054,9.685294,0
442,-0.7722797,-2.9686604,9.292645,0
443,-1.2463316,-3.0763996,9.196877,0
444,-0.9374796,-3.2272344,9.299828,0
445,-0.17612346,-4.3094134,9.321376,0
446,-0.90635496,-3.971831,8.658181,0
447,-0.98536366,-3.7611413,8.921544,0
448,-0.91832596,-3.818602,8.835353,0
449,-0.8129811,-0.15547347,9.249549,0
450,-0.46342766,-1.3741221,9.474605,0
451,-0.59032035,-1.3980641,9.594315,0
452,-0.72918403,-1.9152117,9.5153055,0
453,-0.6645406,-1.8050784,9.527277,0
454,-0.657358,-1.8170495,9.486575,0
455,-0.6166566,-1.9104233,9.47221,0
456,-0.70045364,-1.692551,9.496152,0
457,-0.71003044,-1.8721161,9.532065,0
458,-0.7579145,-1.7978958,9.567978,0
459,-0.70045364,-1.8960581,9.498547,0
460,-0.7650971,-1.8864813,9.522489,0
461,-0.7603087,-1.9247885,9.496152,0
462,-0.7650971,-1.8984523,9.453056,0
463,-0.79861593,-1.8697219,9.457845,0
464,-0.7459435,-1.9702784,9.510517,0
465,-0.657358,-2.0444987,9.469816,0
466,-0.7435493,-1.8481741,9.532065,0
467,-0.71242464,-1.8888755,9.457845,0
468,-0.72200143,-1.9271827,9.510517,0
469,-0.70284784,-1.8888755,9.496152,0
470,-0.6621464,-2.0061915,9.438691,0
471,-0.72678983,-1.9607016,9.493758,0
472,-0.7579145,-1.9343654,9.48897,0
473,-0.80819273,-1.9128175,9.529671,0
474,-0.69805944,-1.8194437,9.532065,0
475,-0.72918403,-1.9056349,9.642199,0
476,-0.89917237,-2.0636523,9.496152,0
477,-0.7483377,-1.9583074,9.5177,0
478,-0.7459435,-1.8074726,9.522489,0
479,-0.73397243,-2.3413796,9.393202,0
480,0.041748893,-0.7564181,9.692476,0
481,-0.027682956,1.2020389,9.766697,1
482,-3.5304,-1.0030209,6.3214407,0
483,-9.779266,-5.087529,3.7165492,0
484,-12.965949,-5.061193,0.592116,0
485,-8.922142,-3.7731123,1.0398318,0
486,-8.845528,-4.134637,1.1308113,0
487,-8.967632,-3.8593035,1.197849,0
488,-8.800038,-3.6797383,1.1355999,0
489,-9.136872,-3.5591304,0.8273463,0
490,-8.425795,-3.4489973,1.0787375,0
491,-8.978855,-2.9246671,0.7387609,0
492,-8.959702,-2.922273,1.856853,0
493,-9.278131,-1.0883143,1.6557401,0
494,-9.644443,-3.1808467,0.71481884,0
495,-9.026739,-3.8943188,0.34132338,0
496,-9.026739,-3.6189854,0.33653498,0
497,-9.006837,-3.5835214,0.5018845,0
498,-9.076269,-3.8684313,0.25049335,0
499,-8.415469,-2.0655975,1.0118495,0
500,-8.839243,-3.8827965,1.6032174,0
501,-8.099435,-3.0137014,1.1435306,0
502,-9.20795,-3.1070752,1.3087305,0
503,-9.191191,-3.650559,0.935235,0
504,-8.788965,-2.6689363,0.9160814,0
505,-9.071481,-3.4973302,0.4540005,0
506,-8.956559,-3.3608606,0.82270753,0
507,-9.057116,-3.7942111,0.07332243,0
508,-8.89431,-3.6553473,0.7077859,0
509,-9.243863,-3.3201592,0.9376292,0
510,-9.052327,-4.0216603,0.3151368,0
511,-9.011625,-3.3704374,0.78679454,0
512,-8.676437,-3.70802,0.27443537,0
513,-9.059211,-3.1578023,0.8574235,0
514,-8.951322,-3.983802,0.47674543,0
515,-8.781333,-3.9119759,0.22774844,0
516,-8.908226,-3.938312,0.69222355,0
517,-8.977658,-3.4211645,0.7592612,0
518,-8.905831,-3.5959413,0.23014264,0
519,-8.965687,-2.8345852,2.8901007,0
520,-8.738237,-1.491438,3.9172132,0
521,-5.8221,-0.84979194,5.3513403,0
522,-9.164406,-5.432294,0.82151043,0
523,-9.142858,-3.4762313,0.80235684,0
524,-9.252991,-3.0596402,0.7544728,0
525,-9.612122,-2.1139305,0.28281507,0
526,-9.10455,-4.067599,0.9795278,0
527,-8.992023,-3.5719993,0.38097733,0
528,-8.723872,-3.3277907,0.40731356,0
529,-9.255385,-3.428347,0.0362123,0
530,-9.0016,-3.449895,0.25408465,0
531,-8.999206,-3.2870893,0.69461775,0
532,-8.91062,-3.4211645,0.54617727,0
533,-9.0016,-3.4762313,0.4551976,0
534,-8.850765,-3.5001733,0.519841,0
535,-8.994417,-3.330185,0.5988497,0
536,-8.570643,-3.603124,0.64912796,0
537,-8.726267,-1.0963948,3.9243958,0
538,-8.422203,-3.3445501,0.4575918,0
539,-8.81964,-3.4187703,1.0465654,0
540,-8.838794,-3.569605,0.9436147,0
541,-8.929773,-3.4762313,0.8622119,0
542,-8.946533,-3.519327,0.9124901,0
543,-8.960898,-3.425953,0.9555858,0
544,-9.015965,-3.5145385,0.8406641,0
545,-8.946533,-3.483414,0.9651626,0
546,-8.941745,-3.4211645,0.9795278,0
547,-9.027936,-3.543269,1.053748,0
548,-8.953716,-3.4355297,0.9723452,0
549,-8.92738,-3.507356,1.005864,0
550,-9.003994,-3.3756747,0.90291333,0
551,-8.920197,-3.4882023,0.99628717,0
552,-8.982447,-3.603124,0.99868137,0
553,-8.951322,-3.3517327,0.9651626,0
554,-9.018359,-3.452289,0.8406641,0
555,-8.980052,-3.483414,0.9651626,0
556,-8.994417,-3.543269,0.81432784,0
557,-8.817246,-3.591153,0.8526351,0
558,-8.857947,-3.55524,0.69461775,0
559,-8.93935,-3.4977791,1.053748,0
560,-8.913014,-3.639037,0.99868137,0
561,-8.936956,-3.452289,0.9388263,0
562,-8.92738,-3.4355297,0.9148843,0
563,-9.190742,-3.5624225,0.90051913,0
564,-9.054273,-3.2966661,1.0920552,0
565,-8.977658,-3.2727242,0.78080904,0
566,-9.200318,-3.3948283,0.67546415,0
567,-9.209895,-2.9016228,0.6060323,0
568,-8.996812,-3.3349733,0.78559744,0
569,-8.960898,-4.328567,0.81193364,0
570,-8.271368,-2.8752866,1.4368203,0
571,-8.616134,-3.2775126,-0.11941081,0
572,-7.675212,-2.8226142,0.90291333,0
573,-8.762179,-3.6079123,0.76883805,0
574,-9.71986,-2.8369794,0.10803835,0
575,-9.274539,-3.1961095,0.9172785,0
576,-8.869919,-3.662979,0.5222353,0
577,-8.908226,-3.6557963,0.69461775,0
578,-9.0016,-3.5360863,0.68743515,0
579,-9.042301,-3.708469,0.81672204,0
580,-8.805275,-3.531298,0.5342063,0
581,-9.061455,-3.5863645,-0.09307459,0
582,-8.948928,-3.605518,-0.16011223,0
583,-8.874707,-3.7611413,0.019452889,0
584,-8.869919,-3.354127,1.2357074,0
585,-8.896255,-3.5169327,1.4104841,0
586,-8.3312235,-1.6135423,4.1087494,0
587,-8.963293,-4.7140336,0.77123225,0
588,-9.162011,-4.338144,1.0034698,0
589,-9.317635,-3.3828573,1.0465654,0
590,-9.054273,-2.7052982,1.2141595,0
591,-8.963293,-2.9303532,1.1830349,0
592,-8.759786,-4.1154833,1.1997943,0
593,-8.977658,-3.5528457,0.26366147,0
594,-8.903438,-3.8138137,1.2883798,0
595,-8.245032,-2.9686604,0.44322658,0
596,-8.678383,-2.643049,1.9946693,0
597,-8.371924,-2.2671595,3.0624833,0
598,-9.353547,-2.9614778,1.8174983,0
599,-9.217078,-3.2487822,1.3123218,0
600,-9.013571,-3.2966661,0.8574235,0
601,0.40327334,-1.5896003,9.692476,1
602,-0.04444237,-2.4515128,9.309404,0
603,1.3561656,-2.1498435,9.371654,0
604,0.42960957,-0.81148475,9.613468,0
605,0.14469956,-3.0979474,9.998935,0
606,0.21652561,-2.429965,9.036466,0
607,0.28835166,-2.6813562,9.242367,0
608,0.6402993,-1.5297452,9.919926,0
609,0.43918636,-2.4395418,9.48897,0
610,0.71212536,-2.5640404,8.99337,0
611,0.3266589,-1.704522,9.510517,0
612,0.71691376,-2.9495068,8.686912,0
613,-0.13781624,-2.5616462,9.036466,0
614,1.5141829,-2.3365912,9.354895,0
615,0.37933132,-2.0157683,9.508123,0
616,0.2021604,-1.4267945,9.603891,0
617,1.004218,-2.2408233,9.156176,0
618,0.44158056,-1.8050784,9.572766,0
619,0.4846762,-0.66065,9.821764,0
620,1.1167455,-0.8928876,9.491364,0
621,0.42721537,-2.3413796,9.496152,0
622,0.82465285,-1.80029,9.120262,0
623,0.6402993,-1.3741221,8.679729,0
624,0.5876269,-2.417994,9.989358,0
625,0.6235399,-1.2041339,9.979781,0
626,0.41524437,-2.3796868,9.797822,0
627,0.5541081,-1.9726726,9.884013,0
628,0.7504326,-2.1642087,9.445874,0
629,0.115969144,-1.7859248,10.484958,0
630,0.73127896,-2.274342,9.493758,0
631,1.241244,-1.2232875,9.448268,0
632,0.35538933,-2.2647653,9.338135,0
633,0.5325602,-2.2719479,9.316587,0
634,1.064073,-2.714875,9.721207,0
635,0.50861824,-1.2711715,9.663746,0
636,0.60678047,-1.2592005,9.541642,0
637,0.4487632,-1.4507366,9.2208185,0
638,0.791134,-1.7428292,10.14498,0
639,0.52537763,-1.539322,9.706841,0
640,0.5612907,-1.6590321,9.079561,0
641,0.3482067,-1.0437223,10.271873,0
642,0.53016603,-3.593547,9.462633,0
643,0.7504326,-1.7715596,9.50094,0
644,0.25722703,-0.8665514,9.419538,0
645,0.8988731,-1.8266263,9.409961,0
646,0.82704705,-1.7955016,9.455451,0
647,0.92999774,-1.6590321,9.338135,0
648,0.39130235,-1.3334208,9.632622,0
649,0.82225865,-2.0516813,9.436297,0
650,0.81986445,-2.346168,9.438691,0
651,0.7624036,-1.7308582,9.613468,0
652,0.9084499,-2.8226142,8.701277,0
653,0.31947628,-0.50981534,10.202441,0
654,0.6570587,-1.7739538,9.644592,0
655,0.79831666,-3.2032921,9.484181,0
656,0.5900211,-2.3294086,9.414749,0
657,0.5876269,-1.8385973,9.314193,0
658,0.1806126,-3.2392054,9.649381,0
659,0.84380645,-1.7236756,9.678111,0
660,0.6570587,-1.4459482,9.697265,0
661,1.016189,-1.5848119,9.718813,0
662,0.7528268,-2.7052982,9.354895,0
663,0.5660791,-2.453907,9.431509,0
664,0.4511574,-2.0540755,9.378837,0
665,0.3458125,-1.9966146,9.498547,0
666,0.9012673,-2.3509564,9.48897,0
667,0.6522703,-2.2360346,9.409961,0
668,0.73127896,-2.3365912,9.493758,0
669,0.5684733,-2.4563012,9.465028,0
670,0.5804443,-2.5400984,8.619874,0
671,0.5565023,-1.9966146,9.429114,0
672,0.70494276,-2.53531,9.742755,0
673,0.60917467,-2.8968344,9.374048,0
674,0.7600094,-1.7332524,9.180118,0
675,0.80310506,-1.7332524,9.314193,0
676,0.7839514,-2.0301335,9.654169,0
677,0.7408558,-2.0516813,9.50094,0
678,-0.058807578,-3.4810197,9.421932,0
679,-0.07556699,-2.6885388,9.946262,0
680,0.30271688,-0.96710783,9.939079,0
681,0.0058358666,-1.2496237,9.2687025,0
682,0.2021604,-0.70374566,8.703671,0
683,0.5828385,-2.1235073,9.544036,0
684,0.30989948,-2.025345,9.632622,0
685,0.17582418,-2.2456117,9.793034,0
686,1.064073,-2.2264578,9.295039,0
687,0.4990414,-2.133084,9.493758,0
688,-0.30301616,-1.5800235,9.71163,0
689,0.69536597,-2.034922,9.402779,0
690,0.82225865,-2.1713912,9.493758,0
691,0.12315175,1.4821604,10.077943,0
692,0.39609075,-1.2400469,9.544036,0
693,-0.32216978,-1.0173861,9.646987,0
694,-0.27667993,-0.26321256,10.008512,0
695,0.5493196,-2.6382606,9.129839,0
696,0.6283283,-1.6901568,9.599103,0
697,0.6762124,-2.5137622,9.297434,0
698,0.30989948,-2.2815247,9.5631895,0
699,0.60678047,-2.5664346,9.335741,0
700,0.36975452,-1.7428292,9.290251,0
701,0.7767688,-2.192939,10.305392,0
702,-0.31977555,-2.2456117,9.378837,0
703,0.060902506,-2.5784056,9.702053,0
704,0.43679217,-2.1953332,9.491364,0
705,0.3410241,-2.6286838,9.218425,0
706,0.7504326,-1.3645453,9.328558,0
707,0.61156887,-2.121113,9.670929,0
708,0.5995979,-1.7907132,9.48897,0
709,0.0058358666,-1.8194437,9.536854,0
710,0.17103578,-2.441936,9.426721,0
711,0.7767688,-1.6063597,9.60868,0
712,0.81028765,-2.3509564,9.127445,0
713,0.5636849,-1.9726726,9.148993,0
714,0.25243863,-2.145055,9.615862,0
715,0.5469254,-2.2073042,9.476998,0
716,0.83662385,-1.8409915,8.811411,0
717,0.96830493,-1.3693337,9.649381,0
718,0.1782184,-0.83782095,9.606285,0
719,0.7839514,-1.3046902,9.924714,0
720,0.43200377,-1.6805799,9.668534,0
721,6.793398,-1.4100351,6.8050694,1
722,6.783821,-2.4251766,6.7547913,0
723,9.424625,-2.4371476,0.07975684,0
724,8.4525795,-2.429965,3.4100914,0
725,8.143727,-3.579182,5.945551,0
726,8.811709,-5.018097,0.37903205,0
727,7.109432,-4.682909,4.887314,0
728,8.287379,-4.498555,2.2249615,0
729,8.632145,-3.9359179,1.5138837,0
730,7.5643306,-4.589535,4.2145433,0
731,7.511658,-4.2280107,7.061249,0
732,8.024017,-3.9407063,6.089203,0
733,8.754249,-2.915988,2.7205613,0
734,7.736713,-6.1625257,1.5521909,0
735,7.8564234,-5.042039,2.311153,0
736,7.7845974,-5.6836853,2.6271875,0
737,7.8229046,-3.6462195,3.2377088,0
738,7.818116,-6.31336,1.9735703,0
739,7.9186726,-6.4737716,1.8586487,0
740,7.8564234,-2.6143186,4.901679,0
741,8.019229,-6.188862,2.3327007,0
742,7.825299,-2.9902084,4.3845315,0
743,9.671228,-2.2527943,-0.5020342,0
744,8.634539,-3.212869,4.1283517,0
745,8.917054,-2.6813562,2.967164,0
746,9.0415535,-3.0955532,2.5457847,0
747,9.211541,-2.238429,2.268057,0
748,9.149292,-2.2216694,2.430863,0
749,8.313716,-3.1123126,5.9287915,0
750,9.110985,-1.8242321,2.5266309,0
751,9.084649,-0.7636007,3.6159928,0
752,9.606585,-0.6343138,1.6647184,0
753,9.534759,-0.84500355,2.1196167,0
754,8.098238,-0.85218614,6.2591915,0
755,9.247455,-1.2376527,2.5816977,0
756,8.754249,0.5053262,5.7995048,0
757,8.555531,-1.0269629,5.481076,0
758,8.586655,-1.0724527,5.9670987,0
759,9.362376,-1.194557,1.8801966,0
760,9.146898,-1.5129858,2.730138,0
761,8.775797,-0.80190796,5.8330235,0
762,9.644892,-1.2927192,0.6950667,0
763,9.084649,-1.3693337,2.2512977,0
764,7.9881043,-4.730793,3.8865376,0
765,8.421454,-3.9981673,3.1347582,0
766,8.517223,-1.6662147,3.2017958,0
767,8.3616,-1.9176059,3.7237318,0
768,8.454973,-1.2376527,3.9966707,0
769,7.854029,-3.5480573,4.6646533,0
770,8.098238,-3.4067993,4.415656,0
771,8.119785,-5.4610243,3.6088102,0
772,8.162881,-0.70374566,4.0325837,0
773,7.9186726,-3.689315,4.1714478,0
774,7.9761333,-4.3596916,3.582474,0
775,8.261044,-6.5743284,2.871396,0
776,8.548347,-2.0780175,3.4627638,0
777,8.457368,-0.5576994,3.7093666,0
778,8.203583,-4.3716626,2.9264627,0
779,8.644115,-5.5136967,2.385373,0
780,8.153304,-3.6486137,3.666271,0
781,8.469338,-6.445041,2.0813096,0
782,8.7949505,-5.240758,2.493112,0
783,9.036765,-2.0061915,3.5202246,0
784,8.632145,-3.830573,3.867384,0
785,7.291392,-5.2647,6.0724435,0
786,8.471733,-4.5129204,1.5306431,0
787,8.033594,-5.5352445,4.439598,0
788,8.7949505,-2.6358664,3.891326,0
789,8.263437,-2.8848634,5.40925,0
790,8.34484,-2.892046,4.9088616,0
791,8.4046955,-3.5289037,3.7907696,0
792,8.486098,-3.141043,3.7093666,0
793,8.352023,-2.2815247,3.2185552,0
794,8.222736,-2.973449,3.6878188,0
795,8.457368,-6.3780036,1.8394951,0
796,8.426243,-2.595165,1.8778024,0
797,8.114997,-4.1873093,3.0820858,0
798,7.9450088,-5.642984,2.9575872,0
799,7.703194,-6.368427,1.9376574,0
800,7.842058,-7.273435,0.75731593,0
801,7.727136,-7.661296,2.5433903,0
802,7.6217914,-7.9797244,2.5912745,0
803,9.055919,-1.6853683,2.3327007,0
804,9.070284,0.42392334,3.0988452,0
805,8.565107,-0.13153146,6.991817,0
806,9.055919,-1.5848119,2.5769093,0
807,8.483704,-1.6159365,5.4547396,0
808,9.302521,-2.046893,2.0501847,0
809,9.249848,-2.844162,1.9304748,0
810,8.172458,-1.8745103,5.9766755,0
811,8.957756,-1.4866496,3.0820858,0
812,8.366388,-5.9159226,1.0685622,0
813,8.545954,-4.2256165,2.028637,0
814,7.875577,-4.0915413,4.283975,0
815,7.751078,-4.7260046,3.3382654,0
816,7.887548,0.14859015,5.742044,0
817,8.00247,-5.2575173,2.8426657,0
818,7.8444524,-2.7531824,5.3709426,0
819,7.401525,-2.001403,5.5122004,0
820,7.470957,-4.86008,5.624728,0
821,8.071901,-3.780295,4.1451116,0
822,7.9641623,-3.593547,4.3127055,0
823,7.949797,-3.0045736,3.9918823,0
824,8.21316,-6.820931,1.4396634,0
825,8.258649,-2.8633156,3.7428854,0
826,8.167669,-7.4194813,1.0494086,0
827,7.9761333,-3.8856397,3.6088102,0
828,7.851635,-5.6405897,3.2448914,0
829,7.724742,-8.559121,1.9376574,0
830,8.323293,-1.5776293,3.5489552,0
831,7.885154,-6.385186,1.8179473,0
832,8.663269,2.2195747,4.011036,0
833,9.087043,0.19886838,3.276016,0
834,8.684817,1.8436849,5.375731,0
835,9.635315,-0.28715456,1.0972925,0
836,9.05113,0.24435821,3.7572505,0
837,9.343223,0.33773208,2.0908864,0
838,8.859593,-0.15547347,5.054908,0
839,9.130138,0.03606266,3.3550248,0
840,8.533982,2.071134,5.133917,0
841,3.6731544,-1.5679028,8.861838,1
842,2.579004,-1.7642274,8.426094,0
843,4.1136875,-9.650728,3.0846295,0
844,4.2357917,-8.913314,-0.39414546,0
845,8.202984,-5.154417,0.86041623,0
846,7.5685205,-6.5215063,-0.15472528,0
847,3.5223196,-8.350677,3.4054527,0
848,3.1296706,-7.194277,5.6272717,0
849,3.2996588,-8.999505,1.6720506,0
850,8.578874,-4.6372695,0.13257892,0
851,9.100809,-3.6724062,-0.3390788,0
852,8.981099,-3.9022496,-0.25288755,0
853,6.005107,-5.228637,3.0128036,0
854,3.2757168,-8.891766,2.627337,0
855,3.7425861,-8.889372,-0.1738789,0
856,8.784775,-4.3188405,-0.23373394,0
857,8.626758,-3.7202902,1.1453263,0
858,3.0698154,-8.963592,1.7247231,0
859,2.933346,-8.784027,3.1396964,0
860,3.527108,-9.102455,2.7518356,0
861,7.2860045,-6.2772975,-0.65750766,0
862,8.858995,-4.194342,-0.35344404,0
863,8.8159,-4.1536407,0.31693244,0
864,3.0841806,-8.439261,2.5866356,0
865,3.0315082,-8.77445,3.3432033,0
866,7.065738,-6.844723,-1.2967595,0
867,8.700978,-4.4529157,0.58268887,0
868,8.3250885,-5.034707,0.041599255,0
869,3.3666966,-8.111256,3.68318,0
870,4.8774376,-4.2565913,6.9392943,0
871,3.3738792,-9.607632,0.5563526,0
872,8.509441,-4.534319,0.13018471,0
873,8.835053,-4.086603,0.8795698,0
874,6.258593,-7.269844,0.3776853,0
875,3.4190698,-7.6457334,5.1397524,0
876,3.1628902,-8.804527,3.4757824,0
877,7.5370965,-5.8883896,-0.022146367,0
878,8.887426,-4.1358337,0.3465607,0
879,7.4269633,-5.1773114,0.26755205,0
880,3.0168438,-8.984093,3.2411506,0
881,3.907487,-7.9450088,3.8229415,0
882,3.8931217,-8.399907,3.9354692,0
883,8.078186,-4.755932,-0.41000703,0
884,9.062203,-3.7767036,0.0688333,0
885,9.119664,-3.439121,-0.13227965,0
886,4.5802574,-9.024794,-1.0324994,0
887,2.9641714,-8.653692,4.7830167,0
888,3.766229,-8.194006,3.2794578,0
889,8.588151,-3.7503674,2.046444,0
890,8.707861,-4.080767,1.6561891,0
891,3.2466872,-6.89156,6.7989345,0
892,5.0088196,-8.644115,0.3537433,0
893,8.8467245,-4.3656774,0.55485624,0
894,4.515614,-2.2755392,8.197148,0
895,4.2714057,-9.63771,0.9331401,0
896,9.634418,-2.78311,-1.9207484,0
897,7.9010153,-5.505317,0.38486794,0
898,3.670461,-7.602638,5.122993,0
899,3.469348,-7.8324814,3.9977183,0
900,7.6113167,-6.0200706,-0.7954735,0
901,8.710256,-4.4758105,0.12868834,0
902,8.51872,-4.4494743,0.65301853,0
903,3.5363855,-6.8724065,5.431845,0
904,3.792565,-7.9186726,3.5619736,0
905,7.9153805,-4.480599,1.2395979,0
906,8.640823,-5.014506,0.29628247,0
907,3.1652844,-9.640103,0.16938977,0
908,2.8947394,-9.252243,0.7224504,0
909,7.4748473,-6.1302037,-1.2120646,0
910,8.449287,-5.0360537,0.39444473,0
911,8.495376,-4.8998833,0.43724108,0
912,3.855413,-8.950872,-1.0040684,0
913,2.730138,-9.269301,-0.6880337,0
914,2.8423662,-9.386618,-0.8391677,0
915,8.535778,-4.811298,0.05626374,0
916,8.485499,-4.607791,0.7218518,0
917,3.017143,-9.190293,-1.8207904,0
918,3.515137,-9.448867,-0.11372458,0
919,8.923638,-3.6788406,1.2557588,0
920,8.945187,-3.305345,1.9931729,0
921,8.181437,-6.034735,0.6356605,0
922,3.7210383,-4.2989388,7.837419,0
923,5.179107,-8.045864,-0.48722005,0
924,8.641123,-4.4665327,0.22864626,0
925,8.727314,-4.4018893,0.37708676,0
926,3.9508817,-8.469638,3.300407,0
927,3.4720414,-8.7353945,1.1504139,0
928,8.82787,-3.8679824,0.47046062,0
929,8.796746,-3.9493854,0.5255273,0
930,3.3547256,-9.436895,1.3060371,0
931,3.3858502,-8.888623,0.961272,0
932,8.729709,-4.3947067,0.24779987,0
933,8.727314,-4.571878,0.8774749,0
934,6.864625,-6.7984853,3.5446155,0
935,3.6611834,-8.962844,1.5741876,0
936,7.5182424,-5.9389668,-0.8343793,0
937,9.445575,-2.7403135,0.29328972,0
938,9.215732,-4.1504984,0.6548142,0
939,7.0681324,-5.8503814,-0.12090719,0
940,2.6005518,-9.379435,0.8678981,0
941,3.0482676,-8.661174,0.7457938,0
942,3.6468182,-8.742578,0.7577648,0
943,8.243686,-4.7705965,0.48961425,0
944,9.385719,-2.9653685,-0.11611878,0
945,8.72492,-2.867206,1.5167267,0
946,4.216638,-8.570194,0.700304,0
947,3.1751604,-8.460061,3.4153287,0
948,3.4145806,-9.305215,-0.18315643,0
949,8.722526,-4.3923125,-0.05626374,0
950,8.870966,-4.0571246,0.05865794,0
951,7.3314943,-7.052271,-0.34356794,0
952,3.395427,-9.34831,1.3251907,0
953,3.4696472,-9.049035,0.9540894,0
954,8.633941,-3.7171478,0.81522566,0
955,8.672248,-4.397101,0.59017074,0
956,8.655488,-5.3404164,-0.2765303,0
957,4.5183077,-6.6117377,6.0681043,0
958,5.1575594,-8.256555,2.0386627,0
959,8.79914,-4.301333,1.3156139,0
960,9.03856,-3.4849102,1.4640543,0
961,1.4752772,1.8924668,8.08881,1
962,7.587674,-1.0739491,5.3139305,0
963,3.325995,-0.56877255,9.168595,0
964,2.9596822,-0.18091187,9.082404,0
965,3.3403602,-2.6373627,8.893262,0
966,5.02109,-3.8679824,7.562086,0
967,8.662671,1.0928035,4.449624,0
968,2.4185927,-3.6405332,8.682572,0
969,2.2126913,-2.7762265,8.957906,0
970,3.4888008,-1.6748937,8.514978,0
971,3.5127428,-6.104167,6.4463882,0
972,3.6013284,-6.5375175,6.06571,0
973,4.0658035,-7.7010994,4.0761285,0
974,4.288464,-9.415348,1.8351556,0
975,6.2756515,-5.6947584,1.0761937,0
976,2.7346272,-0.38920742,9.111135,0
977,2.5095723,-1.3636475,9.19972,0
978,2.5095723,-1.6653169,9.161413,0
979,2.5837924,-1.9214965,9.2308445,0
980,2.5095723,-1.7155951,9.209297,0
981,2.6610055,-2.0516813,9.06759,0
982,3.2787097,-1.4267945,9.376442,0
983,3.4678516,-0.9072528,9.366865,0
984,3.5947442,-0.6438906,9.424326,0
985,8.22513,-5.130625,1.9999067,0
986,4.8157873,-3.890428,7.8609123,0
987,3.8605006,-3.1506197,8.500164,0
988,4.296245,-2.2336404,8.105121,0
989,4.040066,-1.7835306,9.730783,0
990,4.2651205,-2.133084,7.9255557,0
991,8.653692,-2.4586954,3.4747348,0
992,8.641722,-4.433912,0.95364046,0
993,4.4638395,-0.4954501,8.555231,0
994,4.6050973,-0.61276597,8.801834,0
995,8.1964,-3.782689,3.582474,0
996,8.763825,-2.7052982,3.1156046,0
997,5.5077114,-2.6717794,7.3054576,0
998,3.8581064,-2.2791305,8.684518,0
999,4.0975266,-2.8489504,8.356512,0
1000,5.4263086,-8.013244,-1.7182887,0
1001,7.913884,-5.1617494,-1.7015293,0
1002,8.208371,-5.168932,-0.6385037,0
1003,4.2986393,-1.6877626,8.72043,0
1004,3.6905122,-0.6702268,8.974216,0
1005,4.782268,-1.491438,7.571214,0
1006,4.200477,-2.6957214,8.368484,0
1007,8.179641,-4.330961,1.8778024,0
1008,9.03437,-3.7970543,-0.0016460137,0
1009,5.110274,-4.12506,5.792322,0
1010,3.4870052,-3.081188,8.603115,0
1011,3.5301008,-3.4690487,8.052448,0
1012,7.6241856,-5.561581,0.4245219,0
1013,8.292168,-5.094712,0.888997,0
1014,4.320187,-2.3437738,8.071602,0
1015,4.016124,-2.310255,8.674941,0
1016,4.4015903,-5.8321257,6.608745,0
1017,8.7470665,-3.995773,1.896956,0
1018,8.814104,-3.8640919,1.2960113,0
1019,8.866776,-3.9885905,1.173907,0
1020,3.1805472,-2.6047418,9.407567,0
1021,4.758326,-1.9247885,7.674165,0
1022,4.590732,1.0679636,8.239196,0
1023,4.626645,-1.323844,8.4642515,0
1024,4.5620017,-7.25907,4.7292967,0
1025,8.876353,-3.4810197,2.1267993,0
1026,5.9099374,-2.7555766,7.7699327,0
1027,3.5540428,-2.8824692,8.598327,0
1028,4.2770915,-4.2639236,7.638252,0
1029,6.5300355,-7.4122987,-1.6057612,0
1030,8.387936,-4.790648,2.0214543,0
1031,6.72636,-0.95992523,6.8146462,0
1032,4.186112,-0.7947253,8.753949,0
1033,4.018518,-0.93119484,8.631845,0
1034,4.4135613,-1.5800235,8.521712,0
1035,4.3130045,-1.776348,8.555231,0
1036,4.6769233,-2.8728924,8.014141,0
1037,8.519617,-2.3725042,3.9176621,0
1038,8.73749,-2.7244518,3.4675522,0
1039,8.756643,-3.4690487,2.7445033,0
1040,3.9179614,-4.4794016,9.2687025,0
1041,4.0137296,-1.4339771,8.3613,0
1042,4.1358337,-0.95753103,8.684518,0
1043,3.8557122,-1.8792987,8.564808,0
1044,4.198083,-3.4929907,7.9016137,0
1045,7.997681,-4.1322427,3.666271,0
1046,8.670452,-4.182521,1.5665561,0
1047,8.057536,-0.4595371,5.481076,0
1048,6.015282,-0.5576994,7.3748894,0
1049,4.870854,-1.0245687,8.521712,0
1050,5.8764186,-3.3373675,7.1642,0
1051,8.466945,-3.6486137,2.371008,0
1052,8.742278,-4.2040687,1.0350434,0
1053,7.293786,-2.5520694,4.7412677,0
1054,4.9594393,-3.8712745,8.208072,0
1055,3.14224,-3.8521209,8.366089,0
1056,3.0656257,-3.8760629,8.272715,0
1057,3.1015387,-3.9191585,8.334965,0
1058,3.2547677,-2.049287,9.139416,0
1059,3.9275382,-2.0995653,9.048436,0
1060,3.47264,-2.2240636,8.988582,0
1061,3.4127848,-2.2240636,8.753949,0
1062,3.6545992,-3.2966661,8.37806,0
1063,6.393566,-6.844873,-0.9760861,0
1064,8.881142,-3.7036803,1.3367127,0
1065,8.627357,-3.8569093,1.5258547,0
1066,3.5947442,-3.1506197,8.634239,0
1067,3.721637,-2.5137622,8.751555,0
1068,3.3744776,-1.0221745,9.354895,0
1069,3.544466,-3.416376,8.370877,0
1070,5.720795,-7.917475,1.3702315,0
1071,8.7231245,-4.2375875,1.7365444,0
1072,4.3106103,0.3808277,10.010905,0
1073,4.459051,-0.5600936,8.758738,0
1074,3.793463,-0.26800096,8.938303,0
1075,4.4494743,-0.70613986,8.890419,0
1076,4.269909,-0.8689456,8.069208,0
1077,4.1190743,0.43828854,8.859295,0
1078,5.0240827,-5.156961,6.6518407,0
1079,8.708759,-3.665373,1.9831471,0
1080,5.1437926,0.6250363,7.9471035,0
1081,8.07669,-0.4810849,5.414038,1
1082,7.727136,-0.73247606,5.775563,0
1083,3.5851674,-3.6605847,6.9846344,0
1084,3.664176,-7.7426987,5.253627,0
1085,4.006547,-5.801001,6.0365305,0
1086,4.336947,-7.414693,4.604798,0
1087,4.2651205,-6.3660326,5.5145946,0
1088,4.3561006,-7.103447,5.3924904,0
1089,3.7527616,-8.913464,-0.004040215,0
1090,7.0040874,-6.4833484,-1.63928,0
1091,6.7790327,-6.775441,-2.5849895,0
1092,6.7574844,-6.368427,-2.4078188,0
1093,6.27625,-6.8017774,-2.0534768,0
1094,6.345682,-9.365968,0.23537995,0
1095,4.5260887,-7.675661,3.7787986,0
1096,4.5117235,-7.7067857,3.726126,0
1097,4.650587,-7.417087,4.0158243,0
1098,4.8540945,-7.9940896,2.9863176,0
1099,5.1198506,-8.219145,-0.571466,0
1100,6.060772,-7.2087917,-0.14529811,0
1101,6.2882214,-7.4075103,-0.56188923,0
1102,6.0080996,-7.273435,-1.6656162,0
1103,5.806987,-7.625383,-1.7422307,0
1104,4.6793175,-7.9342346,3.642329,0
1105,4.432715,-7.6182003,4.5521255,0
1106,5.3257523,-7.4458175,3.7740102,0
1107,5.208436,-6.966977,4.1834188,0
1108,5.574749,-7.6684785,-2.2952912,0
1109,6.9801455,-5.992537,-1.9912276,0
1110,6.0176764,-7.1130238,-3.1524155,0
1111,5.967398,-6.880786,-3.870676,0
1112,5.198859,-8.159289,-0.20515315,0
1113,4.7032595,-6.543204,5.2751746,0
1114,3.7551558,-7.3021655,5.277569,0
1115,3.9849992,-8.199991,1.7389386,0
1116,4.7655087,-5.228787,6.2208843,0
1117,4.506935,-7.33329,3.7404912,0
1118,4.4853873,-8.403499,0.49634793,0
1119,4.8301525,-8.326884,0.19707273,0
1120,7.997681,-5.5136967,-0.523582,0
1121,7.9881043,-5.4179287,-1.1556512,0
1122,7.913884,-5.5807347,-0.64329207,0
1123,3.520524,-8.741081,3.3741784,0
1124,4.600309,-5.7722707,6.386084,0
1125,4.7870564,-5.762694,5.3709426,0
1126,4.4782047,-7.9581766,3.096451,0
1127,5.7016416,-7.8121305,-1.9409494,0
1128,7.65531,-5.7674823,-1.1915642,0
1129,7.13098,-6.3157544,-1.6919525,0
1130,7.4063134,-6.823325,-0.56428343,0
1131,7.473351,-6.0547867,1.1667244,0
1132,3.9059904,-7.4362407,4.161871,0
1133,4.459051,-6.4115224,5.8785133,0
1134,6.240337,-7.4793363,-0.99045134,0
1135,6.4701805,-7.25907,-0.9305963,0
1136,7.119009,-6.7898064,-0.22191256,0
1137,4.320187,-5.633407,5.993435,0
1138,4.2627263,-8.267029,3.3071408,0
1139,3.9347208,-8.559121,-2.4557028,0
1140,4.128651,-8.178443,4.1235633,0
1141,4.0616136,-7.6086235,4.6287403,0
1142,3.3218052,-8.487295,4.0158243,0
1143,3.3122284,-7.721151,5.6989484,0
1144,4.6793175,-8.527997,-0.9305963,0
1145,6.3289227,-7.1800613,-1.2514193,0
1146,6.3744125,-7.247099,-1.7158945,0
1147,6.2810383,-3.5169327,7.2551794,0
1148,4.5620017,-6.35885,4.379743,0
1149,5.0456305,-4.5799584,5.624728,0
1150,4.0879498,-7.091476,2.979135,0
1151,4.4614453,-8.2694235,4.8921022,0
1152,4.5260887,-5.21921,6.3812957,0
1153,4.779874,-3.7874775,6.761974,0
1154,4.636222,-8.772205,-0.24346039,0
1155,7.241113,-6.619818,-0.17642274,0
1156,7.0759134,-6.476166,-0.02558803,0
1157,4.233996,-9.38991,1.3750199,0
1158,4.32737,-6.9334583,5.7995048,0
1159,4.9283147,-6.871209,4.779575,0
1160,5.5101056,-4.532074,5.9192147,0
1161,5.0216885,-2.7124808,7.7076836,0
1162,4.2770915,-8.652495,4.3222823,0
1163,3.283498,-9.569474,4.616769,0
1164,6.132598,-7.5703163,-0.8180688,0
1165,6.510882,-7.1848497,-0.4062661,0
1166,6.5180645,-7.7067857,0.52747256,0
1167,3.4870052,-7.079505,3.3717842,0
1168,2.7663505,-8.571093,3.4124856,0
1169,2.7519853,-8.602217,3.4340334,0
1170,3.3457472,-7.453,4.853795,0
1171,4.384831,-6.5982704,4.9328036,0
1172,4.7655087,-6.382792,6.824223,0
1173,4.1717467,-8.003667,3.405303,0
1174,4.9163437,-9.047539,-2.292897,0
1175,6.9897223,-6.68925,-0.8228572,0
1176,5.54123,-5.434688,-0.32725745,0
1177,3.2619503,-5.4418707,7.4610806,0
1178,3.0249243,-6.674885,6.3884783,0
1179,2.8860605,-6.026056,6.929568,0
1180,2.9435213,-6.3516674,6.59438,0
1181,2.9339445,-6.667702,6.350171,0
1182,3.046472,-6.725163,6.3932667,0
1183,4.8397293,-5.109077,4.8130937,0
1184,4.411167,-8.415469,5.6630354,0
1185,4.408773,-5.884798,6.055684,0
1186,4.803816,-4.6398134,7.128287,0
1187,3.6306572,-9.274988,3.999065,0
1188,5.455039,-8.475325,-0.38232407,0
1189,6.1038675,-7.7881885,-0.35119945,0
1190,6.2355485,-7.4697595,-0.0016460137,0
1191,6.4558153,-7.661296,-0.4086603,0
1192,3.7431848,-8.211962,1.5928923,0
1193,3.010559,-9.105,1.6072575,0
1194,3.0273185,-9.2007675,1.2265794,0
1195,2.9674633,-9.13373,1.5617677,0
1196,3.970634,-6.2702646,6.493823,0
1197,4.82297,-6.322937,6.910414,0
1198,5.124639,-5.324555,6.2687683,0
1199,4.360889,-9.265411,1.5210663,0
1200,4.384831,-6.6700964,4.686201,0
1201,1.1463737,1.5291467,9.386019,1
1202,2.6116252,-0.4317045,9.031677,0
1203,1.29242,-6.3645363,6.943933,0
1204,1.0194811,-2.46917,7.619098,0
1205,3.6842275,-7.2575736,4.875343,0
1206,7.3377795,0.044741645,6.182577,0
1207,3.9236476,-7.580791,4.7508445,0
1208,1.9077299,-8.282291,4.365378,0
1209,1.8742111,-9.06759,3.4795232,0
1210,1.6802807,-9.36926,3.417274,0
1211,4.6945806,-7.6693764,4.0062475,0
1212,6.6290956,-2.4619875,6.14427,0
1213,1.376217,-8.897602,3.6614826,0
1214,0.62683195,-8.995764,3.53459,0
1215,0.7154174,-8.946533,3.7738605,0
1216,0.7436989,-9.121758,3.6854246,0
1217,6.204873,-3.9335237,5.8306293,0
1218,7.4259157,1.6018705,5.947945,0
1219,2.2089503,-8.793754,3.3358712,0
1220,1.6918027,-8.951771,3.6351464,0
1221,1.6008232,-8.982895,3.795558,0
1222,4.6055465,-8.360403,2.3422775,0
1223,7.4737997,-2.6885388,5.5529017,0
1224,6.574777,-3.8762126,4.9295115,0
1225,0.9220669,-9.074024,3.4355297,0
1226,0.83168584,-9.032874,3.5930982,0
1227,0.9328408,-8.974964,3.559729,0
1228,0.84380645,-9.023896,3.5241153,0
1229,1.004218,-9.016713,3.5049617,0
1230,6.489334,-5.2673936,4.982184,0
1231,5.821352,-4.259434,5.5328503,0
1232,0.7863456,-8.813206,4.0053496,0
1233,0.8845079,-8.856301,3.8114195,0
1234,6.2092123,-4.774936,5.78484,0
1235,6.8388877,-1.3703812,6.807164,0
1236,1.3058873,-8.742128,3.7569513,0
1237,1.1861773,-8.926482,3.6156936,0
1238,1.2364556,-9.127595,3.6635776,0
1239,6.4222965,-4.978443,5.298817,0
1240,7.1237974,-0.9298481,6.61084,0
1241,2.0073886,-8.687061,3.9245455,0
1242,0.23089083,-9.046192,3.3116298,0
1243,1.8421886,-8.394969,4.0274963,0
1244,6.8460703,-1.9761143,6.673089,0
1245,7.1477394,-1.7390883,5.6435823,0
1246,1.8685248,-8.86902,3.3571198,0
1247,1.2819453,-9.036615,3.1416416,0
1248,1.348983,-9.175479,2.5335143,0
1249,1.3106757,-9.09647,3.2996588,0
1250,6.3648357,-5.284901,4.812794,0
1251,7.6696754,0.40611646,5.8351183,0
1252,5.8966193,-5.2480903,4.42643,0
1253,2.2167315,-8.762778,2.6834512,0
1254,2.2478561,-9.61272,-0.5080197,0
1255,7.431303,-4.5298295,4.019416,0
1256,7.8598647,1.5993267,5.73127,0
1257,6.5143237,-6.6510925,1.1080664,0
1258,2.1592708,-9.40203,0.7297826,0
1259,2.1113865,-9.524135,0.7202058,0
1260,7.3475056,-5.0302176,3.0737062,0
1261,7.9460564,-0.80445176,5.5133977,0
1262,5.07062,-8.078036,1.3881881,0
1263,1.3141174,-9.459491,1.8454806,0
1264,1.1219828,-9.333197,2.440739,0
1265,1.1324574,-9.264513,2.4301147,0
1266,1.1403883,-9.336638,2.6304796,0
1267,1.9620483,-8.940398,2.6062381,0
1268,6.707356,-3.6635776,5.998822,0
1269,6.8318543,-4.882226,4.6772227,0
1270,1.3491327,-9.462334,1.9238907,0
1271,1.543063,-9.218125,2.3404818,0
1272,1.3307272,-9.244013,2.3530514,0
1273,2.1208138,-9.449914,0.794426,0
1274,5.3649573,-7.3310456,3.107225,0
1275,8.094347,-0.36870706,5.080047,0
1276,3.5884595,-9.234436,1.29242,0
1277,0.8638579,-9.454702,1.9915268,0
1278,0.8207623,-9.308656,2.5421932,0
1279,0.75701666,-9.315539,2.6431987,0
1280,0.8435072,-9.286061,2.508824,0
1281,0.79607207,-9.323919,2.6595092,0
1282,0.7794623,-9.28247,2.671181,0
1283,2.9798832,-8.098088,4.122067,0
1284,6.580763,-0.084694885,7.114819,0
1285,7.0117188,-1.1477205,6.372617,0
1286,1.5098435,-9.285612,1.3040917,0
1287,1.2440871,-9.457994,1.5866076,0
1288,1.0322002,-9.343372,2.2997804,0
1289,0.81432784,-9.367314,2.2997804,0
1290,0.83168584,-9.371953,2.3252187,0
1291,5.3854575,-7.34167,2.6987143,0
1292,7.3894043,-0.21173722,6.1942487,0
1293,7.624036,-0.25004444,4.985177,0
1294,0.58268887,-9.359982,2.066645,0
1295,0.7433996,-9.144953,2.5851393,0
1296,0.7649474,-9.27424,2.594716,0
1297,2.5965118,-9.104251,2.5396495,0
1298,6.894104,-2.6183589,6.145317,0
1299,6.8557963,3.1301196,6.2339025,0
1300,6.6666546,-2.395698,5.4821234,0
1301,0.31004912,-9.4178915,2.2403743,0
1302,0.32202014,-9.156923,2.9418752,0
1303,0.22625206,-9.09228,3.317765,0
1304,0.24600422,-9.057415,3.4225113,0
1305,3.8804023,-8.875455,2.2373815,0
1306,7.270592,-2.8085482,6.1183825,0
1307,7.0527196,1.2280759,6.417658,0
1308,5.271434,-7.007978,3.4105403,0
1309,-0.0053869537,-8.803629,4.0066967,0
1310,0.109534726,-8.87785,3.714604,0
1311,0.117615156,-8.903288,3.7654808,0
1312,0.15592238,-8.973468,3.6462195,0
1313,-0.04743512,-9.018659,3.743035,0
1314,6.8718076,-2.2550387,5.8978167,0
1315,7.906103,3.2109237,4.918588,0
1316,7.764845,-3.2366614,3.1157541,0
1317,0.22310968,-9.315539,2.8260558,0
1318,0.19916765,-9.035418,3.4246063,0
1319,1.3627497,-8.731355,3.5227685,0
1320,5.4664116,-7.244555,2.222717,0
1321,-0.47599724,-1.404349,9.807847,1
1322,7.4583874,-1.0715549,7.538144,0
1323,-12.219557,-8.388235,2.4169466,0
1324,-8.003367,-6.9349546,3.1591492,0
1325,1.3747207,-4.514417,7.65546,0
1326,1.6285061,0.15427637,9.556456,0
1327,5.8877907,-6.9229836,2.7329812,0
1328,7.230938,-5.16564,3.8726213,0
1329,6.1559415,-7.981221,2.0003555,0
1330,4.142418,-8.445696,-0.6931214,0
1331,3.752163,-8.855104,0.94690675,0
1332,3.845537,-8.730606,1.0690111,0
1333,3.6252704,-8.797644,0.32920274,0
1334,3.857508,-8.92693,0.93972415,0
1335,4.2812815,-8.479215,0.051475335,0
1336,4.096928,-8.840739,0.30286652,0
1337,4.1376295,-9.496751,0.90859956,0
1338,4.417751,-8.63005,-0.5662287,0
1339,5.0498204,-8.148815,-0.20709845,0
1340,6.8215294,-7.492804,0.2789245,0
1341,6.342689,-7.3108444,0.6811504,0
1342,5.0378494,-8.905383,0.11372458,0
1343,5.38022,-9.123255,-0.5494693,0
1344,4.12087,-8.534282,-0.32441434,0
1345,4.2190323,-8.855104,-1.0283096,0
1346,3.9101803,-8.970026,-0.7314286,0
1347,4.118476,-8.859893,-0.35075054,0
1348,4.094534,-8.946084,-0.6979098,0
1349,4.3674726,-8.677934,-0.8607155,0
1350,4.3914146,-8.618078,-0.89184016,0
1351,4.40578,-8.596531,-0.8511387,0
1352,4.298041,-8.534282,-1.3227965,0
1353,6.795193,-6.867917,0.20231004,0
1354,5.492748,-8.208671,-0.79846627,0
1355,4.202273,-8.685117,-1.8662802,0
1356,4.2549453,-7.9860096,-3.2501287,0
1357,4.0658035,-8.055441,-3.5972881,0
1358,3.7569513,-8.476821,-3.0969,0
1359,3.7210383,-8.49358,-3.0131028,0
1360,3.656395,-8.5678005,-3.5613751,0
1361,3.4816182,-8.670751,-4.2341456,0
1362,3.7497687,-8.424149,-3.1112652,0
1363,3.7066731,-8.484003,-3.0992942,0
1364,3.7018847,-8.565406,-2.6611552,0
1365,3.7497687,-8.706664,-2.5893292,0
1366,3.7928643,-8.65878,-2.6372132,0
1367,3.8359601,-8.460061,-2.541445,0
1368,4.4584527,-8.397812,-2.4504654,0
1369,4.2549453,-8.570194,-2.4887726,0
1370,4.2453685,-8.584559,-2.4145525,0
1371,3.9484875,-8.63005,-2.1200657,0
1372,4.180725,-8.682722,-1.9165585,0
1373,3.9820063,-8.685117,-2.457648,0
1374,4.1256585,-8.565406,-2.1631613,0
1375,4.0538325,-8.67554,-1.9357121,0
1376,4.142418,-8.560617,-2.0338743,0
1377,5.284452,-7.964462,-1.6412252,0
1378,6.5797153,-6.8343983,0.7697359,0
1379,5.5861216,-8.0985365,0.034715924,0
1380,4.1519947,-8.816797,-0.3842694,0
1381,4.0179195,-9.659556,-0.32680854,0
1382,3.4002154,-8.986786,-1.0139444,0
1383,3.3738792,-8.831162,-1.0235212,0
1384,3.6252704,-8.970026,-0.985214,0
1385,3.632453,-8.955661,-1.1264719,0
1386,3.9844005,-8.728212,-1.614889,0
1387,5.626823,-6.7529955,-4.6244006,0
1388,5.6316113,-7.0929723,-4.286818,0
1389,5.102493,-2.9533975,6.8557963,0
1390,4.460847,-8.589348,-0.2621651,0
1391,4.4153566,-8.723424,-0.10175357,0
1392,4.4369044,-8.563012,-0.092176765,0
1393,4.4273276,-8.347534,-1.9859903,0
1394,4.4464817,-8.187122,-2.8335378,0
1395,4.5135193,-8.215853,-2.5222914,0
1396,4.3746552,-8.218247,-2.6132712,0
1397,4.429722,-8.709059,-1.3395559,0
1398,4.264522,-8.436119,-1.3587095,0
1399,4.9013796,-8.160786,-1.9740193,0
1400,6.28044,-7.526323,1.365892,0
1401,5.626823,-7.380276,-1.9093759,0
1402,4.4776063,-7.5933604,-4.361038,0
1403,3.8838441,-8.318804,-4.3179426,0
1404,4.084957,-8.069806,-3.9636009,0
1405,4.082563,-8.031499,-4.0282445,0
1406,4.010737,-7.966856,-3.9923313,0
1407,4.5901337,-7.705888,-4.3897686,0
1408,6.127211,-6.508787,-4.107253,0
1409,5.7920227,-6.5039988,-4.64116,0
1410,4.1974845,-7.555053,-4.2341456,0
1411,4.04665,-8.330774,-3.38181,0
1412,4.1519947,-8.3690815,-3.2908301,0
1413,4.0514383,-8.067412,-3.6332011,0
1414,4.6954784,-7.9740386,-3.867833,0
1415,5.485565,-6.8703113,-3.6116533,0
1416,5.59091,-6.7889085,-3.8989575,0
1417,5.322759,-6.7553897,-4.83509,0
1418,3.0099604,-8.381053,2.7832594,0
1419,2.2653637,-4.1409216,8.25401,0
1420,2.341978,-5.2590137,7.77517,0
1421,2.210297,-5.1129675,7.827842,0
1422,2.6795607,-9.298032,1.5885528,0
1423,2.8830678,-9.087342,-1.62686,0
1424,2.9117982,-8.713847,-2.9364884,0
1425,4.676325,-7.976433,-3.300407,0
1426,2.9596822,-8.821586,2.3834279,0
1427,2.81603,-7.466468,5.5701103,0
1428,2.2509985,-0.30541036,9.465476,0
1429,2.2893057,-0.18091187,9.482236,0
1430,2.2509985,-0.89198977,9.51336,0
1431,2.3012767,-1.6030676,9.343372,0
1432,2.6340709,-5.4242134,7.53575,0
1433,5.0139074,-5.61575,6.4416,0
1434,6.744915,-4.3300633,5.3881507,0
1435,6.6683006,-4.5192056,5.5485625,0
1436,2.1911435,-2.8456583,8.979453,0
1437,2.2917,-1.9550153,9.269152,0
1438,2.373103,-0.60947394,9.465476,0
1439,3.2038908,-2.27105,8.938752,0
1440,3.1847372,-1.6724995,9.001001,0
1441,-4.6332293,2.458097,8.06442,1
1442,-1.4585178,-7.0971622,7.915979,0
1443,-3.7210383,-1.719785,4.4946647,0
1444,-9.03856,-4.2313027,0.47958854,0
1445,-8.20059,-4.2767925,3.1132104,0
1446,-12.222849,-0.35269585,1.1475708,0
1447,-10.25242,-5.48347,-0.09023148,0
1448,-8.250868,-3.9344215,-0.22430678,0
1449,-6.493524,-4.8466125,-1.5387235,0
1450,-10.906037,-3.2233436,-0.23148938,0
1451,-8.2532625,-4.8849196,-2.884265,0
1452,-10.060884,-4.0541315,-1.1604396,0
1453,-4.932504,-5.93358,0.1539771,0
1454,-6.890961,-2.6391585,1.482759,0
1455,-19.680786,-8.085967,0.012719196,0
1456,-9.088839,-4.137929,-0.31289223,0
1457,-10.716896,-6.8768954,-1.816451,0
1458,-6.2181907,-6.3046813,2.7612627,0
1459,-5.856666,-3.951181,-2.0415058,0
1460,-9.922021,-4.3845315,-3.3224037,0
1461,-8.832659,-4.2432737,0.4245219,0
1462,-11.202919,-4.58325,-0.820463,0
1463,-8.368184,-2.9240685,-2.1300914,0
1464,-8.246079,-5.047725,1.470788,0
1465,-8.791958,-3.5992334,2.433257,0
1466,-8.18383,-3.963152,-0.8372224,0
1467,-9.321076,-6.419603,-0.061501056,0
1468,-12.651411,-0.7309797,7.6214924,0
1469,-8.286781,-4.1355343,-0.14769232,0
1470,-9.567678,-2.7708395,-1.1987469,0
1471,-9.335442,-6.0963855,1.7556981,0
1472,-10.0369425,-11.275044,-2.1276972,0
1473,-8.392126,-6.6111393,-0.44936174,0
1474,-9.426421,-5.090821,1.0015244,0
1475,-4.544644,-2.0501847,-2.1779754,0
1476,-9.680206,-3.0102596,-0.016011223,0
1477,-8.753651,-4.2169375,-0.48527476,0
1478,-7.9108915,-4.6766243,1.9592052,0
1479,-10.096798,-3.3909378,1.6575358,0
1480,-8.214955,-5.354183,-2.3671174,0
1481,-8.928427,-3.7189434,-0.22191256,0
1482,-10.027366,-3.2784102,-0.48048636,0
1483,-8.210167,-3.3239002,-0.45654434,0
1484,-10.056096,-4.01343,-1.6680104,0
1485,-8.736891,-2.3901615,1.7533039,0
1486,-9.335442,-4.437204,0.39579147,0
1487,-7.7361145,-4.212149,0.34790742,0
1488,-6.019472,-2.3398833,-0.9425673,0
1489,-8.586056,-4.485088,-0.55949503,0
1490,-7.9851117,-4.061314,0.888997,0
1491,-9.907656,-3.5298016,0.19467853,0
1492,-8.705767,-5.5122004,-2.8914475,0
1493,-9.086444,-3.807529,-0.035164837,0
1494,-8.016236,-4.3462243,-0.6768109,0
1495,-6.007501,-4.616769,0.1515829,0
1496,-9.505429,-4.6287403,-1.1700164,0
1497,-8.973917,-3.6207812,-0.250643,0
1498,-11.411214,-5.9192147,0.48437694,0
1499,-7.851036,-2.9049149,1.6168343,0
1500,-5.7992053,-3.3071408,1.5067011,0
1501,-7.7576623,-7.001394,-5.2760725,0
1502,-8.370578,-3.1060278,2.3183355,0
1503,-11.454309,-4.0780735,-1.390283,0
1504,-5.1000986,-1.102081,2.529025,0
1505,-8.071302,-4.7149315,-0.91383684,0
1506,-8.614787,-4.0277953,2.0813096,0
1507,-7.8845553,-4.401291,0.4628291,0
1508,-8.598027,-4.8729486,-1.2729671,0
1509,-9.017013,-3.8338652,-0.13332711,0
1510,-8.485499,-2.8905497,2.8187237,0
1511,-9.850195,-5.0285716,0.35987845,0
1512,-7.221361,-3.3622074,-2.6879404,0
1513,-10.123134,-3.6255696,-0.46372694,0
1514,-9.112781,-3.558532,-0.044741645,0
1515,-8.53099,-4.5162125,0.38860887,0
1516,-9.402479,-3.2424972,1.1834838,0
1517,-9.230097,-5.157859,-0.8037036,0
1518,-8.89012,-4.140323,-0.24585459,0
1519,-9.3761425,-4.367772,-1.0503063,0
1520,-19.783737,-3.9559693,-4.344728,0
1521,-9.977087,-3.5178304,0.8243536,0
1522,-9.182213,-4.01343,1.3295301,0
1523,-9.215732,-3.0557497,-0.5163994,0
1524,-10.09201,-4.1283517,0.92012167,0
1525,-9.438392,-4.307917,-1.3495816,0
1526,-8.791958,-3.4867058,1.4085388,0
1527,-8.214955,-4.329465,0.0199018,0
1528,-4.28607,-9.860071,-2.0151696,0
1529,5.1590557,-7.4706573,-1.4549265,0
1530,-8.626758,-5.208137,-0.5499182,0
1531,-10.95871,-4.4084735,0.10848726,0
1532,-8.456769,-4.0684967,0.2688988,0
1533,-9.251644,-4.5042415,-1.1508628,0
1534,-8.286781,-6.3812957,-3.9832034,0
1535,-8.849419,-4.1666594,1.7700633,0
1536,-10.192566,-1.7245734,-2.422184,0
1537,-9.924415,-2.7923875,1.3462895,0
1538,-9.234885,-3.4340334,0.27847558,0
1539,-9.452757,-5.485864,-0.74384856,0
1540,-7.46557,-3.702184,-1.663222,0
1541,-9.021801,-3.5872624,1.5689503,0
1542,-15.469386,-8.715642,0.3048118,0
1543,-8.071302,-6.3429885,0.4652233,0
1544,-9.148694,-3.2879872,-0.87313545,0
1545,-9.809493,-2.1076458,2.7325323,0
1546,-9.335442,-3.5202246,1.7604865,0
1547,-10.032154,-0.28086978,-2.2426188,0
1548,-13.1733465,-3.405303,-0.91144264,0
1549,-9.043348,-4.4946647,1.3558663,0
1550,-10.300304,-3.345448,1.0518028,0
1551,-9.658659,-5.873725,1.8179473,0
1552,-9.902867,-4.3605895,-0.22191256,0
1553,-9.218125,-2.643947,0.568174,0
1554,-9.153482,-3.2017958,-2.0031986,0
1555,-6.747309,-3.1850364,0.25453356,0
1556,-9.301923,-4.2504563,-0.49006316,0
1557,-9.402479,-3.4747348,1.5114895,0
1558,-9.122357,-5.378125,1.9376574,0
1559,-8.463952,-5.0046296,1.9472342,0
1560,-8.825477,-1.8155531,0.27847558,0
1561,-2.4018333,-7.738808,-0.41823712,1
1562,5.8461914,4.5697827,5.8426003,0
1563,-18.646492,-9.737967,-4.308815,0
1564,1.3091794,-8.674941,4.647894,0
1565,3.8829463,5.666327,3.5106478,0
1566,0.3012205,-1.5521909,4.532972,0
1567,-3.395427,-4.961534,5.5864205,0
1568,7.1246953,6.221782,3.0629323,0
1569,-19.783737,-18.790443,-11.407623,0
1570,-7.9324393,-4.185813,2.8378773,0
1571,4.558111,1.9146131,1.5186721,0
1572,3.428048,1.0862194,-0.91862524,0
1573,-2.8782794,-5.9527335,1.2313678,0
1574,6.7224693,-4.26961,4.3103113,0
1575,5.3386207,-0.7788637,2.1172225,0
1576,-8.0066595,-2.3015761,1.20982,0
1577,6.765565,-1.7652749,4.547337,0
1578,1.8526632,3.5235167,-9.238476,0
1579,-4.784064,-2.7636569,1.5114895,0
1580,7.0456867,-0.10848726,5.193772,0
1581,0.65795654,8.376564,-19.690962,0
1582,-11.502193,-5.8306293,-0.05192425,0
1583,7.239617,-1.9855413,5.2871456,0
1584,0.07616554,4.550629,-19.690962,0
1585,-3.8910267,-1.9783587,1.8275241,0
1586,-8.705767,-12.8624,-2.6783636,0
1587,7.8214083,-3.9296331,7.6597996,0
1588,-9.0098295,-10.631003,-5.5657706,0
1589,3.7823899,-4.9782934,4.6574707,0
1590,3.2341175,-4.3222823,8.126669,0
1591,-7.278822,-9.867253,1.5497967,0
1592,-1.9972131,-8.373272,0.21383214,0
1593,5.9491425,-9.527277,8.880842,0
1594,-19.783737,-7.978228,-2.6616042,0
1595,7.3976345,-1.6407764,5.4403744,0
1596,10.232369,-9.979781,11.382783,0
1597,-19.783737,-6.079626,1.5234605,0
1598,-6.8095584,-6.4722753,0.9895535,0
1599,-8.191013,-9.826552,11.861624,0
1600,-19.783737,-8.224831,3.6686652,0
1601,1.280449,-9.891195,-1.5866076,0
1602,7.3497505,1.7039235,8.301445,0
1603,-10.060884,-6.2974987,0.8004116,0
1604,-4.0203137,-8.72043,0.65675944,0
1605,2.7002106,1.2873323,-2.5993547,0
1606,-1.2693758,-3.9009027,0.76449853,0
1607,1.2445359,-10.425102,3.7357028,0
1608,7.1366663,-0.53704935,0.96321726,0
1609,-7.4607816,-5.8186584,-1.1843816,0
1610,8.31222,-4.070891,5.0860324,0
1611,-5.3490953,17.103428,-19.690962,0
1612,-3.1129112,-0.61605805,7.9207673,0
1613,6.2986956,-5.007024,5.3709426,0
1614,5.4750905,0.43020812,1.0805331,0
1615,-7.6259813,-4.5018473,-0.5427356,0
1616,6.9810433,-3.1826422,6.2256727,0
1617,3.1598973,4.5051394,-13.428329,0
1618,-1.508796,-8.210465,1.6503532,0
1619,-10.125528,-5.744438,1.482759,0
1620,5.6043773,-1.1188403,7.564031,0
1621,-9.419238,-11.658116,-0.44457334,0
1622,-9.4000845,-3.7165492,-0.31528643,0
1623,10.718392,0.99284554,5.007024,0
1624,-5.26051,8.106019,-1.2370541,0
1625,-15.591491,-12.436232,-2.9848213,0
1626,-6.3714194,-19.537434,19.53504,0
1627,-5.358672,-1.3893852,-2.589778,0
1628,-10.46311,-8.284686,-0.86116445,0
1629,-19.771767,-15.445744,19.53504,0
1630,-16.802956,3.3200095,-17.395521,0
1631,-11.75598,-4.71972,-0.2769792,0
1632,5.2428527,-3.4460044,5.3709426,0
1633,-19.783737,-8.916756,0.52028996,0
1634,-1.9780595,-10.271873,-5.604078,0
1635,6.9020348,-3.240103,5.6007857,0
1636,10.802189,0.20515315,4.5066357,0
1637,-12.857312,-4.9782934,-0.77257895,0
1638,-0.8192659,-6.929568,4.1953897,0
1639,3.3610103,1.3016975,7.4730515,0
1640,-10.592398,-12.93662,-3.9448962,0
1641,-9.0816555,-5.270386,1.2553098,0
1642,-0.19677345,0.67202246,14.966903,0
1643,-19.783737,-6.132299,-7.9384246,0
1644,1.6060604,-9.335741,-3.1500213,0
1645,4.9914618,3.432537,1.5545851,0
1646,-3.088969,6.5354223,-19.690962,0
1647,7.6633906,-0.041449618,5.5529017,0
1648,9.854085,1.7972972,6.4507275,0
1649,-18.763807,0.2769792,7.7435966,0
1650,-3.4888008,-10.77705,-5.6375966,0
1651,8.077588,-3.6351464,6.2855277,0
1652,-7.1064396,-11.476157,-2.0008044,0
1653,3.7440825,-5.2751746,6.110751,0
1654,7.3617215,-5.9024553,-5.2784667,0
1655,-14.97618,-7.152229,-2.9297547,0
1656,7.1965213,0.523582,5.7947164,0
1657,-2.1097405,-3.6830304,8.96464,0
1658,-19.783737,-3.2089784,2.074127,0
1659,-1.3052888,-9.38123,-5.556194,0
1660,6.8637276,0.90904844,4.695778,0
1661,0.3155857,15.698032,-18.08984,0
1662,-2.7633576,-7.4826283,3.4891,0
1663,-4.410568,-3.276016,13.029994,0
1664,-10.173412,-1.9161096,7.3653126,0
1665,-4.3291655,-11.641356,-2.8100445,0
1666,-2.602946,-12.409896,6.2256727,0
1667,-19.783737,-10.484958,-12.176162,0
1668,-8.698584,-8.507347,-5.805191,0
1669,5.719299,-4.767604,8.308628,0
1670,-13.934703,-12.120197,2.0453963,0
1671,1.2205939,-9.010129,1.9424458,0
1672,-4.2118497,-9.14181,6.0030117,0
1673,-14.784644,-7.4945993,2.620005,0
1674,6.803872,-2.7205613,6.5345244,0
1675,1.8861821,3.4876037,-9.738864,0
1676,-5.3634605,-2.3781905,1.9185038,0
1677,1.4576199,-6.527342,2.7038019,0
1678,-15.289821,-6.7069073,1.6383822,0
1679,-8.265233,-6.122722,-3.406201,0
1680,6.384887,-5.3829136,6.8026752,0
1681,-8.959552,-8.0189295,-4.7661076,0
1682,-2.361132,-4.317494,7.939921,1
1683,-6.031443,-8.777891,-11.726051,0
1684,-0.56308633,-5.7947164,-9.133131,0
1685,-7.003489,-10.702829,-6.6503444,0
1686,-5.1838956,-4.3749547,-2.920178,0
1687,-7.1782656,-0.74295074,-2.9872155,0
1688,0.18629882,-6.3908725,-7.2369237,0
1689,-3.8670847,-6.587197,-9.094824,0
1690,4.0265985,-6.7787333,-5.7237883,0
1691,1.613243,-2.098069,-0.9569325,0
1692,4.3378444,-6.8026752,0.11806407,0
1693,4.6443024,-7.9375267,-1.5483003,0
1694,3.5238159,-0.036661215,0.0055365916,0
1695,1.9077299,0.8228572,-0.06628946,0
1696,2.3530514,0.4421791,-0.37514147,0
1697,3.217358,0.34641105,-0.49245736,0
1698,0.6842928,-0.568174,0.52507836,0
1699,-7.597251,-7.0875854,8.899996,0
1700,-4.511125,-3.4819174,5.9742813,0
1701,-3.4217632,-1.5569793,5.40925,0
1702,-19.783737,-0.38382047,1.6982372,0
1703,-17.49967,-9.026889,4.8729486,0
1704,-9.17503,-8.610297,2.2608745,0
1705,-19.783737,1.5315409,4.9663224,0
1706,-5.3874025,-9.48897,2.517054,0
1707,-4.24058,-8.9023905,-3.906589,0
1708,-7.417686,-6.922385,-9.0972185,0
1709,1.3474866,-9.074773,-10.557681,0
1710,1.0482115,-9.754725,-9.365369,0
1711,1.3187562,2.4030304,-2.2545898,0
1712,-4.3866262,-0.7836521,2.991106,0
1713,-19.783737,-0.9847651,-0.3895067,0
1714,-7.5804915,-13.776985,0.058209028,0
1715,-9.072079,-6.9152026,-7.2441063,0
1716,-3.1440358,-13.633332,-7.517045,0
1717,5.1806035,-3.831471,-1.7925088,0
1718,1.3714286,3.7222354,-0.3919009,0
1719,-2.090587,0.35598788,-0.0016460137,0
1720,-19.783737,5.4939446,1.884985,0
1721,-18.330458,-17.655592,-3.597737,0
1722,-6.49113,-8.181735,-3.06383,0
1723,-8.600421,-7.051672,-4.4859858,0
1724,-11.437551,-6.9511156,-6.1236196,0
1725,-4.321983,-11.55756,-7.591265,0
1726,-3.0003836,-6.4243913,-8.967932,0
1727,-3.1991024,-3.8147116,-3.7126586,0
1728,5.5588875,-2.2632687,0.97997665,0
1729,0.6938696,0.66483986,-1.0239701,0
1730,0.4281132,-0.0031423897,-0.31768063,0
1731,-8.248474,-2.655918,10.702829,0
1732,-15.476569,-0.66394204,12.388348,0
1733,-19.783737,-6.9846344,2.7708395,0
1734,-9.785551,-2.7923875,1.2912229,0
1735,-6.7736454,-10.573543,-3.5115457,0
1736,-6.5964746,-9.48897,-1.828422,0
1737,-10.297911,-9.364471,-3.2601545,0
1738,-12.507758,-9.388413,-7.5122566,0
1739,-7.527819,-8.385242,-7.892935,0
1740,-2.0259435,-9.450663,-11.223269,0
1741,5.2260933,-4.3390417,-5.6136546,0
1742,0.73935944,-0.08693945,-4.299238,0
1743,-1.295712,-0.62084645,0.27847558,0
1744,-19.783737,4.5458407,-4.7996264,0
1745,-14.339323,-14.145692,0.568174,0
1746,-6.503101,-9.409961,-0.73666596,0
1747,-9.318682,-8.188918,-1.402254,0
1748,-11.856536,-8.998158,-8.390929,0
1749,2.1926398,-10.370036,-7.653515,0
1750,1.6371851,1.378312,-0.8300398,0
1751,-3.4768298,-1.5976807,1.4372692,0
1752,-19.783737,-4.3127055,2.8642135,0
1753,-13.910761,-2.6726773,0.9895535,0
1754,-7.927651,-8.895207,-1.4692917,0
1755,-6.814347,-10.228778,-3.6887167,0
1756,-4.4823947,-13.633332,-7.739706,0
1757,-7.0322194,-9.137022,-5.2497363,0
1758,-12.854918,-6.9128084,-0.6744167,0
1759,-13.039271,-6.9391446,-5.1922755,0
1760,-10.573244,-8.48101,-9.504232,0
1761,-2.195932,-7.094768,-11.943924,0
1762,1.3259388,-1.2026374,-2.4485202,0
1763,1.6371851,1.426196,-0.7007529,0
1764,-5.878214,-1.4300866,7.0875854,0
1765,-19.783737,-0.92012167,0.8339304,0
1766,-9.586832,-6.407632,1.173907,0
1767,-7.8055463,-9.682899,-3.5426702,0
1768,-14.193276,-4.4539633,0.05581483,0
1769,-16.877176,-10.633398,-6.995109,0
1770,1.3498808,-11.509676,-10.706121,0
1771,-7.669077,-7.6334634,-9.731682,0
1772,-4.4895773,-0.20186113,-0.88989484,0
1773,-0.050727148,-8.605509,-5.757307,0
1774,2.9946973,-2.0549734,-1.0742484,0
1775,4.1247606,3.3654995,-0.31768063,0
1776,1.4312837,0.56428343,-1.35437,0
1777,-1.2406454,1.1939584,-1.2729671,0
1778,-12.799851,-8.157793,0.67112464,0
1779,-19.783737,-7.6597996,4.13314,0
1780,-17.262644,-12.941408,0.8866028,0
1781,-11.679365,-11.231948,1.5569793,0
1782,-7.197419,-6.6350813,0.20186113,0
1783,-8.0066595,-6.38369,1.8706198,0
1784,-9.392902,-7.4754457,-3.2218473,0
1785,-10.889278,-7.5688195,-1.2131121,0
1786,-9.823858,-5.969493,-4.320786,0
1787,-10.065673,-5.390096,-4.761319,0
1788,-9.637111,-8.447492,-8.584859,0
1789,-0.2805705,-9.824158,-11.749993,0
1790,2.0034978,-5.9311857,-3.4421139,0
1791,3.6100073,-0.7166145,-0.89468324,0
1792,3.7584476,0.9736919,-0.23148938,0
1793,-2.018761,-1.980753,-0.34401685,0
1794,-11.545289,-7.212084,2.3159413,0
1795,-18.900276,-17.904589,-7.7325234,0
1796,-8.217349,-7.015759,-0.6145617,0
1797,-11.732038,-7.037307,-2.4150014,0
1798,-10.460716,-6.680571,-8.8027315,0
1799,1.9197009,-3.9176621,-8.65908,0
1800,2.9252656,-1.2170026,-1.8787001,0
1801,1.1798925,0.77976155,-0.88989484,0
1802,-4.6030025,-1.323844,9.304616,1
1803,1.8565538,1.3839983,10.070761,0
1804,0.29792848,-9.246258,4.1690536,0
1805,0.0034416649,-8.049156,5.825841,0
1806,0.015412673,-6.9454293,6.896049,0
1807,-0.33414078,-6.3301196,6.4626985,0
1808,0.37693712,-9.181614,4.67423,0
1809,-0.06599019,-7.2063975,6.275951,0
1810,-0.087538,-7.486519,6.1179338,0
1811,-0.13542204,-7.2878003,6.3334117,0
1812,-0.0947206,-7.4122987,6.6039567,0
1813,0.40087914,-7.4482117,5.8593597,0
1814,0.10639234,-7.309348,6.287922,0
1815,0.096815534,-7.2925887,6.6159277,0
1816,-0.07556699,-6.6581254,6.7093015,0
1817,0.12315175,-7.2901945,6.467487,0
1818,0.029777884,-7.153725,6.4842463,0
1819,0.16385318,-6.955006,6.761974,0
1820,0.36257192,-8.322096,4.7125373,0
1821,0.12075755,-7.4242697,6.1275105,0
1822,0.1949778,-7.8480434,5.754015,0
1823,0.017806875,-7.66369,6.0939913,0
1824,0.446369,-9.689184,5.6007857,0
1825,0.1830068,-8.020426,5.732467,0
1826,0.8605659,-7.1369658,4.3342533,0
1827,0.52298343,-7.517644,6.0868087,0
1828,0.08245032,-8.317307,5.864148,0
1829,-0.6525696,-7.1369658,6.587197,0
1830,0.08245032,-7.7163625,5.945551,0
1831,0.044143096,-7.2686467,6.278345,0
1832,0.02498948,-6.4737716,6.5081882,0
1833,0.10878654,-7.488913,6.122722,0
1834,0.19018939,-7.661296,5.61994,0
1835,0.5972037,-7.8264956,4.5760674,0
1836,0.08723872,-8.008455,5.631911,0
1837,0.15188217,-8.049156,5.684583,0
1838,0.08963293,-7.627777,6.2089133,0
1839,0.09442133,-8.006061,5.545719,0
1840,0.013018472,-7.8504376,6.1538467,0
1841,-0.05641338,-7.5990467,6.0820203,0
1842,0.1782184,-7.8121305,6.005406,0
1843,0.027383681,-8.018032,5.435586,0
1844,0.10399814,-7.5870757,6.0604725,0
1845,-0.03247136,-7.381174,6.1011744,0
1846,-0.04444237,-7.6325655,5.8785133,0
1847,0.08245032,-7.7139683,5.876119,0
1848,0.3266589,-7.915081,5.4882584,0
1849,0.048931498,-7.3644147,5.9431567,0
1850,0.09202713,-7.939023,5.8114758,0
1851,0.07526772,-7.6708727,6.2328553,0
1852,-0.058807578,-6.3396964,6.38369,0
1853,0.7839514,-8.908675,4.233697,0
1854,0.12315175,-8.02282,5.473893,0
1855,0.03696049,-7.5703163,6.1299047,0
1856,0.015412673,-7.6086235,6.0604725,0
1857,-0.12584522,-7.1321774,6.7308493,0
1858,0.0537199,-7.369203,5.631911,0
1859,0.80310506,2.391957,9.522489,0
1860,-0.11387422,-7.4601827,6.0078,0
1861,0.08723872,-7.591864,6.0963855,0
1862,-0.19288288,-6.5408096,6.5010056,0
1863,0.15427637,-7.3596263,6.1251163,0
1864,0.12075755,-7.3261075,6.3166523,0
1865,0.08245032,-7.577499,5.8473887,0
1866,0.07047931,-7.486519,6.079626,0
1867,-0.022894554,-7.1824555,6.3908725,0
1868,0.0010474633,-7.33329,6.2137017,0
1869,0.08484452,-7.8121305,5.28954,0
1870,0.09920973,-7.6445365,5.804293,0
1871,0.017806875,-7.4673653,6.1251163,0
1872,-0.04444237,-7.8983216,5.775563,0
1873,-0.054019175,-7.3380785,5.7851396,0
1874,0.1782184,-7.936629,5.7348614,0
1875,-0.0827496,-7.474548,5.9790697,0
1876,-0.013317747,-7.553557,5.9024553,0
1877,-0.0013467384,-7.8600144,5.971887,0
1878,-0.034865562,-7.5846815,5.995829,0
1879,0.08963293,-7.7786117,5.8545713,0
1880,0.020201078,-7.8264956,5.801899,0
1881,0.0537199,-7.8264956,6.005406,0
1882,0.12315175,-8.168866,5.1530704,0
1883,0.063296705,-7.90311,5.40925,0
1884,0.17103578,-7.8241014,5.703737,0
1885,-0.034865562,-7.6445365,5.732467,0
1886,-0.70524204,-8.35322,5.6390934,0
1887,-0.0899322,-8.118588,5.5169888,0
1888,-0.26231474,-7.201609,6.2735567,0
1889,0.10399814,-7.8025537,5.885696,0
1890,0.058508303,-8.037186,5.414038,0
1891,-0.037259765,-7.3237133,5.6989484,0
1892,-0.13542204,-7.4242697,6.3789015,0
1893,-0.058807578,-7.21358,6.2137017,0
1894,0.3338415,-8.202385,4.999841,0
1895,0.07047931,-7.577499,5.88809,0
1896,0.058508303,-6.847267,6.1538467,0
1897,0.38651395,-8.484901,5.744438,0
1898,-0.039653964,-7.577499,5.828235,0
1899,-0.5184943,-6.567146,6.991817,0
1900,0.11836334,-8.104223,5.6750064,0
1901,0.0058358666,-7.414693,6.180183,0
1902,0.1949778,-7.555951,6.1730003,0
1903,0.046537295,-7.7786117,5.959916,0
1904,0.185401,-8.520814,4.6933837,0
1905,0.03696049,-7.639748,5.751621,0
1906,0.2045546,-7.82889,5.5840263,0
1907,-0.09711481,-7.520038,5.8809075,0
1908,0.15906477,-7.8863506,5.6390934,0
1909,0.07766192,-7.881562,5.6869774,0
1910,0.015412673,-7.5966525,6.0221653,0
1911,-0.08035539,-7.3021655,6.1251163,0
1912,0.008230069,-7.6062293,5.8426003,0
1913,0.36736032,-8.618977,5.43798,0
1914,0.03696049,-7.553557,5.935974,0
1915,0.080056116,-6.727557,6.6733885,0
1916,0.07287352,-7.6828437,5.828235,0
1917,0.0537199,-7.4913073,6.230461,0
1918,-0.0827496,-7.2782235,6.1514525,0
1919,0.07526772,-7.924658,5.5983915,0
1920,-0.03247136,-8.111405,5.8234468,0
1921,-0.16894086,-7.115418,6.2807393,0
1922,7.473351,0.6657377,4.647894,1
1923,4.9402857,-1.1897686,15.4625025,0
1924,6.120627,1.9729718,5.282357,0
1925,5.66094,0.34491467,8.380454,0
1926,4.6577697,1.2283751,6.1897597,0
1927,5.9338794,-0.7875427,6.587197,0
1928,5.1030912,1.084723,7.88246,0
1929,4.49257,2.8636148,11.440244,0
1930,5.8740244,3.7494695,7.6238866,0
1931,6.642563,0.57954645,5.5050178,0
1932,6.570737,-0.31109658,6.6997247,0
1933,4.8636713,-0.6750153,6.568043,0
1934,6.0200706,2.7367222,12.706777,0
1935,6.146963,-1.0461165,5.789928,0
1936,6.5515833,-1.4100351,6.8529534,0
1937,5.87163,-1.4124293,6.98224,0
1938,6.0057054,-1.3836989,6.2137017,0
1939,5.6633344,-1.8912697,6.7116957,0
1940,5.134216,-1.7907132,10.082731,0
1941,6.0440125,-1.4291887,7.702895,0
1942,6.3384995,-1.491438,6.86253,0
1943,6.5659485,-1.8122611,6.21849,0
1944,6.1014733,-3.452289,11.377995,0
1945,6.369624,-1.8984523,7.216872,0
1946,6.9705687,-1.1777976,5.9910407,0
1947,6.6521397,-1.2831424,5.8186584,0
1948,6.867618,-1.4818612,5.8066874,0
1949,6.7862153,-1.6829741,6.323835,0
1950,6.4246907,-0.94316584,7.07322,0
1951,5.1892824,-1.6326959,5.864148,0
1952,5.9243026,-0.8833108,6.716484,0
1953,6.546795,-0.339827,5.361366,0
1954,6.841282,-1.1538556,5.569661,0
1955,6.702418,-1.1251252,5.5026236,0
1956,6.597073,-1.1754034,5.5145946,0
1957,6.1493573,-1.0772412,6.2448263,0
1958,7.542783,1.297807,13.511229,0
1959,7.401525,3.873968,13.448979,0
1960,5.919514,-0.4858733,7.6334634,0
1961,6.4318733,-2.334197,6.2232785,0
1962,6.36723,-1.0916064,5.19856,0
1963,6.182876,1.7718589,14.128932,0
1964,5.2850504,2.9905076,11.717971,0
1965,4.873248,-2.1666028,5.354183,0
1966,7.020847,-1.4172177,4.7867575,0
1967,6.5060935,-2.3006783,5.337424,0
1968,6.668899,-1.4267945,5.679795,0
1969,6.5803137,-2.0923827,5.258415,0
1970,5.241955,-1.2161049,5.095609,0
1971,6.240337,-0.16265608,13.908666,0
1972,5.6872764,-2.4922144,5.5600843,0
1973,6.6832643,-1.5728409,6.1059628,0
1974,6.6641107,-2.0852,5.581632,0
1975,6.297798,-1.9200001,6.3812957,0
1976,5.986552,-1.4722844,5.715708,0
1977,5.718401,-3.318214,9.026889,0
1978,5.890784,-2.3389854,7.3030634,0
1979,5.5125,-2.4898202,5.045331,0
1980,5.146187,-2.1306899,4.8322473,0
1981,6.795792,-2.6957214,5.9790697,0
1982,6.5156703,-2.097171,5.93358,0
1983,4.858883,-1.4411598,6.0078,0
1984,5.2491374,-2.073229,4.6143746,0
1985,6.3983545,-2.0516813,6.850559,0
1986,6.240337,-2.0804117,5.8665423,0
1987,5.5077114,-2.3485622,7.784298,0
1988,6.609044,-1.9966146,5.8090816,0
1989,6.240337,-1.4411598,5.655853,0
1990,6.0057054,-0.50023854,11.701212,0
1991,6.3983545,-2.6286838,6.2974987,0
1992,6.024859,-2.3892636,6.359748,0
1993,6.75509,-3.689315,5.5744495,0
1994,6.618621,-2.0636523,6.2735567,0
1995,5.359271,-2.1067479,5.018995,0
1996,5.929091,-2.0085857,5.5720553,0
1997,6.6401687,-2.2815247,5.897667,0
1998,6.3648357,-2.4850318,5.3924904,0
1999,6.087108,-1.8984523,11.478551,0
2000,6.6138325,-5.0252795,3.642329,0
2001,5.3999724,-1.752406,6.0269537,0
2002,7.3943424,-2.7627592,5.5888147,0
2003,6.841282,-2.5281274,7.343765,0
2004,6.8269167,-3.1985037,5.1530704,0
2005,6.7910037,-2.8130374,7.5329065,0
2006,6.9466267,-3.0883706,5.8785133,0
2007,6.597073,-1.8529625,5.634305,0
2008,6.8628297,-2.7340288,5.801899,0
2009,6.501305,-1.8266263,5.4284034,0
2010,5.682488,-2.5879824,4.353407,0
2011,6.9226847,-2.2911015,5.545719,0
2012,5.7758617,-2.726846,13.513622,0
2013,6.7311482,-2.049287,5.9311857,0
2014,6.5635543,-2.6813562,5.7252846,0
2015,6.2570963,-0.047734395,14.009222,0
2016,5.3975782,-1.1059716,6.5105824,0
2017,6.9801455,-2.8752866,5.1410995,0
2018,5.560384,-2.8728924,8.531289,0
2019,6.8460703,-3.2080805,5.876119,0
2020,6.283433,-2.097171,5.947945,0
2021,5.42152,-2.7316346,4.647894,0
2022,5.0719666,-3.7371993,4.532972,0
2023,5.0456305,-4.1537905,6.05329,0
2024,6.1852703,-3.2631474,4.662259,0
2025,6.3744125,-2.619107,6.481852,0
2026,5.87163,-1.0796354,12.718748,0
2027,7.238719,-2.0540755,5.543325,0
2028,7.128586,-2.1306899,4.7029605,0
2029,6.5635543,-1.9391538,5.148282,0
2030,6.690447,-3.0883706,9.077167,0
2031,5.208436,-2.9351416,7.631069,0
2032,6.975357,-2.382081,5.9766755,0
2033,6.9059253,-2.6526258,5.090821,0
2034,5.7878327,-2.7220576,5.8809075,0
2035,5.562778,-2.93993,5.2751746,0
2036,7.1022496,-2.8657098,4.695778,0
2037,6.417508,-2.0923827,5.6893716,0
2038,4.4853873,-3.5624225,14.588619,0
2039,6.9585977,-2.1977274,6.4291797,0
2040,6.36723,-1.314267,5.373337,0
2041,5.488558,-2.6981156,7.106739,0
2042,-1.2726679,-1.4746786,9.326164,1
2043,4.068796,-8.161684,5.19856,0
2044,8.955361,-1.9846436,-0.37992987,0
2045,0.94915134,-8.037186,5.011812,0
2046,-8.809615,5.1644425,4.05892,0
2047,-3.5088522,-6.9717655,5.342212,0
2048,1.229273,-11.683555,-0.36077628,0
2049,2.5556607,-8.6094,1.3367127,0
2050,2.4263737,-8.231115,2.584092,0
2051,4.186112,-4.6876974,4.449175,0
2052,-0.57834935,-8.714745,4.097227,0
2053,-3.329287,-10.855161,7.4467154,0
2054,-2.72116,-9.406669,7.856124,0
2055,0.446369,-7.651719,3.4579754,0
2056,1.3992612,0.2587234,12.132168,0
2057,3.2858922,-5.3820157,4.1666594,0
2058,2.8405707,-7.0723224,5.8593597,0
2059,4.363283,-5.3173723,4.1427174,0
2060,1.7512089,0.24435821,9.496152,0
2061,1.1670237,-9.148095,5.555296,0
2062,1.2077252,-10.311677,1.4492402,0
2063,8.244284,-6.710798,-1.0550947,0
2064,5.5340476,-4.692486,6.0485015,0
2065,1.0712556,-3.8353615,8.272715,0
2066,2.641852,-3.4858081,6.6470523,0
2067,3.853318,-1.9032407,7.7819037,0
2068,-1.1266215,-8.504055,4.571279,0
2069,8.220342,-4.1298485,3.6878188,0
2070,0.8677485,-8.264635,5.117157,0
2071,0.8821137,-4.778677,8.430733,0
2072,7.511658,-5.082741,3.7548563,0
2073,6.644957,-8.920646,2.1962311,0
2074,-3.7027826,-4.1920977,8.935909,0
2075,0.5995979,-1.6805799,8.832958,0
2076,-2.651728,-7.6301713,6.0245595,0
2077,2.380884,-7.6205945,7.054066,0
2078,8.6991825,-0.40686464,5.2871456,0
2079,5.42152,-3.3708863,6.45791,0
2080,3.2906806,-7.989301,2.1483471,0
2081,2.428768,-8.453776,-3.8515224,0
2082,2.1055508,-6.380398,6.0604725,0
2083,7.34167,-6.4498296,7.152229,0
2084,3.5588312,-7.5990467,8.526501,0
2085,10.004023,0.6513725,4.094833,0
2086,0.446369,-0.7779659,10.40116,0
2087,0.8892963,-9.571869,2.540996,0
2088,3.1135097,-4.86008,10.097096,0
2089,0.7480384,-4.8457146,8.773103,0
2090,6.6832643,-4.3692684,4.8609776,0
2091,0.058508303,-7.4913073,7.4347444,0
2092,3.9634514,-7.4817305,3.6399348,0
2093,5.8381114,-5.5927057,4.8250647,0
2094,1.4830583,0.8812159,10.710012,0
2095,4.2866683,-5.252729,5.241656,0
2096,0.24525604,0.6298247,9.524882,0
2097,4.334553,-4.886416,3.93921,0
2098,-1.5144823,-11.077822,6.05329,0
2099,0.4511574,-6.5982704,5.5481133,0
2100,0.12554595,-12.406604,2.9408278,0
2101,5.6992474,-4.838532,5.8210526,0
2102,2.3162405,-8.726715,4.377349,0
2103,8.462156,-2.8369794,0.2688988,0
2104,0.5636849,-3.4905965,9.299828,0
2105,0.29074585,-4.2471642,7.5089645,0
2106,-6.6691985,-3.5743935,5.581632,0
2107,1.2580034,-8.482507,4.3246765,0
2108,1.3681366,-9.720309,-1.0407295,0
2109,1.9978117,-10.069862,-2.7142766,0
2110,0.6163573,-9.093028,-0.35838208,0
2111,9.568277,-2.133084,2.0789154,0
2112,8.443003,0.32336688,0.5538088,0
2113,-3.2478843,-1.8601451,10.314969,0
2114,1.8876784,-8.935011,1.7844285,0
2115,0.8677485,-7.6924205,-0.808492,0
2116,4.8397293,-7.989301,-1.2011411,0
2117,-2.654122,-7.747487,7.9111905,0
2118,-2.1680992,-17.192614,2.4595933,0
2119,5.186888,-0.42362407,3.1012394,0
2120,6.1278095,-0.92401224,7.250391,0
2121,6.158934,-1.9990088,8.734796,0
2122,4.420744,-9.440187,-1.4597149,0
2123,4.3824368,-8.199991,0.7764695,0
2124,5.356877,-1.2711715,11.059566,0
2125,0.5493196,0.45265377,10.058789,0
2126,-0.954239,-0.10519524,12.611009,0
2127,5.584326,-4.5799584,8.021324,0
2128,8.778191,-1.2400469,0.97518826,0
2129,3.0775967,-7.285406,3.7668273,0
2130,-0.7818565,1.8317139,12.522423,0
2131,1.0712556,-6.9981017,6.1059628,0
2132,0.93478614,-8.999655,1.8275241,0
2133,3.7264254,-6.11943,7.7795095,0
2134,-0.8512883,-4.2160397,8.9023905,0
2135,-0.69805944,-4.3836336,8.689306,0
2136,-1.5144823,-12.186337,6.299893,0
2137,0.84620064,-3.6797383,6.8338,0
2138,0.42003277,0.55321026,9.400384,0
2139,3.2284315,-1.8050784,6.517765,0
2140,1.5261539,2.8085482,10.635792,0
2141,4.092738,-2.547281,8.344542,0
2142,4.5620017,-4.110695,6.606351,0
2143,3.496582,-10.534338,2.8857613,0
2144,-2.3524528,0.6489783,9.098715,0
2145,3.5588312,-1.7691654,9.527277,0
2146,-0.28386253,-5.90874,8.220042,0
2147,0.41763857,-4.972607,3.4029088,0
2148,2.1749825,-11.889456,-5.340716,0
2149,2.119916,-3.3589153,8.816199,0
2150,1.3202527,-3.8353615,8.804228,0
2151,-0.27667993,-7.5511627,4.827459,0
2152,-1.3516765,-5.018097,9.805004,0
2153,0.542137,-5.631013,7.5999446,0
2154,-1.8185458,-1.2592005,15.486444,0
2155,5.732766,0.31379005,6.596774,0
2156,5.270685,-0.8880992,10.054001,0
2157,3.1374516,-3.8880339,8.722825,0
2158,3.0656257,-2.8872576,8.595932,0
2159,2.7639563,-8.20478,4.7029605,0
2160,6.855647,-2.7244518,6.2137017,0
2161,0.27159226,-9.485678,1.0925041,0
